time,"Altitude (GPS) (m)","Average speed (km/h)","Average speed (GPS) (km/h)","Calculated boost (bar)","Calculated engine load value (%)","Commanded evaporative purge (%)","Distance traveled with MIL on (km)","Distance travelled (km)","Distance travelled (Today) (km)","Distance travelled (total) (km)","Distance travelled (Week) (km)","Engine coolant temperature (℃)","Engine RPM (rpm)","Engine RPM x1000 (rpm)","Free space in fuel tank (L)","Fuel economizer (based on fuel system status and throttle position) ()","Fuel level input (%) (%)","Fuel level input (V) (L)","Fuel rail press. (kPa)","Intake air temperature (℃)","Intake manifold absolute pressure (kPa)","Long term fuel % trim - Bank 1 (%)","Long term fuel % trim - Bank 2 (%)","OBD Module Voltage (V)","Oxygen sensor 2 Bank 1 Voltage (V)","Oxygen sensor 2 Bank 2 Voltage (V)","Short term fuel % trim - Bank 1 (%)","Short term fuel % trim - Bank 2 (%)","Speed (GPS) (km/h)","Throttle position (%)","Timing advance (°)","Vehicle acceleration (g)","Vehicle speed (km/h)",Latitude,Longtitude,
18:45:07.501,17.81103515625,,,,,,,,,,,,,,,,,,,,,,,,,,,,,,,,,21.5363376,39.207677,
18:45:12.703,17.81103515625,,21.976969224163792,,,,,,,,,,,,,,,,,,,,,,,,,,22.031999588012695,,,,,21.5363376,39.207677,
18:45:12.703,16.79595947265625,,21.976970397903155,,,,,,,,,,,,,,,,,,,,,,,,,,22.031999588012695,,,,,21.5363376,39.207677,
18:45:13.502,16.79595947265625,,22.494897947298565,,,,,,,,,,,,,,,,,,,,,,,,,,25.884000205993654,,,,,21.5363376,39.207677,
18:45:13.502,16.7979736328125,,22.494913018570397,,,,,,,,,,,,,,,,,,,,,,,,,,25.884000205993654,,,,,21.536398,39.2076599,
18:45:14.524,16.7979736328125,,23.575711772427653,,,,,,,,,,,,,,,,,,,,,,,,,,29.951998901367187,,,,,21.536398,39.2076599,
18:45:14.524,16.99932861328125,,23.575733484775338,,,,,,,,,,,,,,,,,,,,,,,,,,29.951998901367187,,,,,21.5364709,39.2076464,
18:45:15.490,16.99932861328125,,24.630786341867417,,,,,,,,,,,,,,,,,,,,,,,,,,32.327998352050784,,,,,21.5364709,39.2076464,
18:45:15.490,17.6173095703125,,24.630809776741657,,,,,,,,,,,,,,,,,,,,,,,,,,32.327998352050784,,,,,21.5365536,39.2076254,
18:45:19.497,17.6173095703125,,23.87250164162549,,,,,,,,,,,,,,,,,,,,,,,,,,22.3560001373291,,,,,21.5365536,39.2076254,
18:45:19.497,19.020263671875,,23.872498008575025,,,,,,,,,,,,,,,,,,,,,,,,,,22.3560001373291,,,,,21.5368383,39.207559,
18:45:24.794,19.020263671875,,17.738603742296057,,,,,,,,,,,,,,,,,,,,,,,,,,3.815999794006348,,,,,21.5368383,39.207559,
18:45:24.794,18.822265625,,17.73857882029887,,,,,,,,,,,,,,,,,,,,,,,,,,3.815999794006348,,,,,21.5369401,39.2075416,
18:45:25.483,18.822265625,,17.21790621136797,,,,,,,,,,,,,,,,,,,,,,,,,,4.139999914169311,,,,,21.5369401,39.2075416,
18:45:25.483,18.5413818359375,,17.217884351407793,,,,,,,,,,,,,,,,,,,,,,,,,,4.139999914169311,,,,,21.5369477,39.207539,
18:45:26.483,18.5413818359375,,16.62654286405745,,,,,,,,,,,,,,,,,,,,,,,,,,5.975999879837036,,,,,21.5369477,39.207539,
18:45:26.483,18.4971923828125,,16.62650285617081,,,,,,,,,,,,,,,,,,,,,,,,,,5.975999879837036,,,,,21.536961,39.2075358,
18:45:28.529,18.4971923828125,,16.16183637151229,,,,,,,,,,,,,,,,,,,,,,,,,,11.843999862670898,,,,,21.536961,39.2075358,
18:45:28.529,18.7359619140625,,16.161830567362134,,,,,,,,,,,,,,,,,,,,,,,,,,11.843999862670898,,,,,21.537012,39.2075229,
18:45:30.483,18.7359619140625,,16.10392939088666,,,,,,,,,,,,,,,,,,,,,,,,,,15.480000686645509,,,,,21.537012,39.2075229,
18:45:30.483,18.7093505859375,,16.103926562347137,,,,,,,,,,,,,,,,,,,,,,,,,,15.480000686645509,,,,,21.5370835,39.2075047,
18:45:31.518,18.7093505859375,,16.205707912815825,,,,,,,,,,,,,,,,,,,,,,,,,,18.468000411987305,,,,,21.5370835,39.2075047,
18:45:31.518,19.08331298828125,,16.20571446200343,,,,,,,,,,,,,,,,,,,,,,,,,,18.468000411987305,,,,,21.5371341,39.2074904,
18:45:33.524,19.08331298828125,,16.659882807330057,,,,,,,,,,,,,,,,,,,,,,,,,,22.103999519348147,,,,,21.5371341,39.2074904,
18:45:33.524,19.9794921875,,16.65988928650505,,,,,,,,,,,,,,,,,,,,,,,,,,22.103999519348147,,,,,21.5372389,39.2074634,
18:45:38.488,19.9794921875,,18.511008060034452,,,,,,,,,,,,,,,,,,,,,,,,,,28.224000549316408,,,,,21.5372389,39.2074634,
18:45:38.488,20.45477294921875,,18.51102829283714,,,,,,,,,,,,,,,,,,,,,,,,,,28.224000549316408,,,,,21.5375547,39.2073958,
18:45:40.482,20.45477294921875,,19.176158268875845,,,,,,,,,,,,,,,,,,,,,,,,,,29.519999313354493,,,,,21.5375547,39.2073958,
18:45:40.482,20.43212890625,,19.17616773329506,,,,,,,,,,,,,,,,,,,,,,,,,,29.519999313354493,,,,,21.5376944,39.2073718,
18:45:41.533,20.43212890625,,19.510975740668837,,,,,,,,,,,,,,,,,,,,,,,,,,30.02400054931641,,,,,21.5376944,39.2073718,
18:45:41.533,20.77630615234375,,19.51098521733467,,,,,,,,,,,,,,,,,,,,,,,,,,30.02400054931641,,,,,21.5377703,39.2073567,
18:45:44.497,20.77630615234375,,20.390161954466052,,,,,,,,,,,,,,,,,,,,,,,,,,30.492000961303713,,,,,21.5377703,39.2073567,
18:45:44.497,21.5174560546875,,20.390169676540374,,,,,,,,,,,,,,,,,,,,,,,,,,30.492000961303713,,,,,21.5379934,39.2073037,
18:45:46.461,21.5174560546875,,20.810176336222526,,,,,,,,,,,,,,,,,,,,,,,,,,28.728000068664553,,,,,21.5379934,39.2073037,
18:45:48.504,21.60052490234375,,21.0198260885203,,,,,,,,,,,,,,,,,,,,,,,,,,25.019999313354493,,,,,21.5381365,39.2072759,
18:45:48.504,21.6510009765625,,21.019828945196025,,,,,,,,,,,,,,,,,,,,,,,,,,25.019999313354493,,,,,21.53826,39.2072458,
18:45:51.506,21.6510009765625,,21.081478309822465,,,,,,,,,,,,,,,,,,,,,,,,,,21.924000549316407,,,,,21.53826,39.2072458,
18:45:54.477,20.92510986328125,,20.809379222844388,,,,,,,,,,,,,,,,,,,,,,,,,,16.775999450683596,,,,,21.5384317,39.2072091,
18:45:54.477,20.83026123046875,,20.80937664840433,,,,,,,,,,,,,,,,,,,,,,,,,,16.775999450683596,,,,,21.5385626,39.2071807,
18:45:55.500,20.83026123046875,,20.672782711220762,,,,,,,,,,,,,,,,,,,,,,,,,,14.4,,,,,21.5385626,39.2071807,
18:45:55.500,20.71343994140625,,20.672778609874175,,,,,,,,,,,,,,,,,,,,,,,,,,14.4,,,,,21.538595,39.207169,
18:45:58.485,20.71343994140625,,19.680148325695683,,,,,,,,,,,,,,,,,,,,,,,,,,3.707999897003174,,,,,21.538595,39.207169,
18:45:58.485,20.5543212890625,,19.68013786739227,,,,,,,,,,,,,,,,,,,,,,,,,,3.707999897003174,,,,,21.5386479,39.2071571,
18:46:04.703,20.5543212890625,,19.282440125882456,,,,,,,,,,,,,,,,,,,,,,,,,,16.019999313354493,,,,,21.5386479,39.2071571,
18:46:04.703,20.104736328125,,19.282438330117447,,,,,,,,,,,,,,,,,,,,,,,,,,16.019999313354493,,,,,21.5387929,39.2071172,
18:46:09.543,20.104736328125,,19.572622276659928,,,,,,,,,,,,,,,,,,,,,,,,,,23.003999519348145,,,,,21.5387929,39.2071172,
18:46:17.483,20.12725830078125,,19.92097776893431,,,,,,,,,,,,,,,,,,,,,,,,,,22.6439998626709,,,,,21.5390707,39.2070605,
18:46:17.483,20.89178466796875,,19.92097908751958,,,,,,,,,,,,,,,,,,,,,,,,,,22.6439998626709,,,,,21.5395069,39.206985,
18:46:19.459,20.89178466796875,,19.99079131015548,,,,,,,,,,,,,,,,,,,,,,,,,,22.463999176025393,,,,,21.5395069,39.206985,
18:46:19.459,22.28619384765625,,19.9907922996676,,,,,,,,,,,,,,,,,,,,,,,,,,22.463999176025393,,,,,21.5396258,39.2069614,
18:46:20.456,22.28619384765625,,20.01130631765639,,,,,,,,,,,,,,,,,,,,,,,,,,21.491999244689943,,,,,21.5396258,39.2069614,
18:46:20.456,22.03729248046875,,20.01130683502191,,,,,,,,,,,,,,,,,,,,,,,,,,21.491999244689943,,,,,21.5396782,39.2069526,
18:46:25.473,22.03729248046875,,19.90742008780826,,,,,,,,,,,,,,,,,,,,,,,,,,18.396000480651857,,,,,21.5396782,39.2069526,
18:46:25.473,22.02178955078125,,19.907417847722275,,,,,,,,,,,,,,,,,,,,,,,,,,18.396000480651857,,,,,21.5399178,39.206902,
18:46:32.699,22.02178955078125,,20.469088293987213,,,,,,,,,,,,,,,,,,,,,,,,,,26.531999588012695,,,,,21.5399178,39.206902,
18:46:32.699,23.399658203125,,20.46909794082035,,,,,,,,,,,,,,,,,,,,,,,,,,26.531999588012695,,,,,21.5402808,39.2068286,
18:46:33.647,23.399658203125,,20.545732781620128,,,,,,,,,,,,,,,,,,,,,,,,,,27.431999588012697,,,,,21.5402808,39.2068286,
18:46:33.647,23.6268310546875,,20.545735155056494,,,,,,,,,,,,,,,,,,,,,,,,,,27.431999588012697,,,,,21.540348,39.2068136,
18:46:36.508,23.6268310546875,,20.694155178876837,,,,,,,,,,,,,,,,,,,,,,,,,,25.163999176025392,,,,,21.540348,39.2068136,
18:46:36.508,24.13232421875,,20.69415652937943,,,,,,,,,,,,,,,,,,,,,,,,,,25.163999176025392,,,,,21.54055,39.2067704,
18:46:40.524,24.13232421875,,20.65401794276855,,,,,,,,,,,,,,,,,,,,,,,,,,19.76399917602539,,,,,21.54055,39.2067704,
18:46:40.524,25.4000244140625,,20.654017660596132,,,,,,,,,,,,,,,,,,,,,,,,,,19.76399917602539,,,,,21.5407592,39.2067255,
18:46:42.486,25.4000244140625,,20.61928295911209,,,,,,,,,,,,,,,,,,,,,,,,,,18.97199993133545,,,,,21.5407592,39.2067255,
18:46:42.486,23.21624755859375,,20.619282451108546,,,,,,,,,,,,,,,,,,,,,,,,,,18.97199993133545,,,,,21.5408624,39.2067107,
18:46:44.599,23.21624755859375,,20.617122705176197,,,,,,,,,,,,,,,,,,,,,,,,,,20.519999313354493,,,,,21.5408624,39.2067107,
18:46:44.599,23.10516357421875,,20.617122363374975,,,,,,,,,,,,,,,,,,,,,,,,,,20.519999313354493,,,,,21.5409606,39.2066927,
18:46:46.463,23.10516357421875,,20.639704963705494,,,,,,,,,,,,,,,,,,,,,,,,,,21.81599979400635,,,,,21.5409606,39.2066927,
18:46:46.464,24.02978515625,,20.63970568977175,,,,,,,,,,,,,,,,,,,,,,,,,,21.81599979400635,,,,,21.5410687,39.2066695,
18:46:51.518,24.02978515625,,20.458992133892334,,,,,,,,,,,,,,,,,,,,,,,,,,16.91999931335449,,,,,21.5410687,39.2066695,
18:46:51.523,23.32403564453125,,20.458827767788293,,,,,,,,,,,,,,,,,,,,,,,,,,16.91999931335449,,,,,21.5413029,39.206609,
18:46:54.514,23.32403564453125,,20.32873771775518,,,,,,,,,,,,,,,,,,,,,,,,,,15.803999519348144,,,,,21.5413029,39.206609,
18:46:55.524,23.26556396484375,,20.294856315897867,,,,,,,,,,,,,,,,,,,,,,,,,,16.703999519348145,,,,,21.5414203,39.2065853,
18:46:57.486,23.1236572265625,,20.31684327515277,,,,,,,,,,,,,,,,,,,,,,,,,,21.52800006866455,,,,,21.5414604,39.2065778,
18:46:57.486,23.2745361328125,,20.316843617548418,,,,,,,,,,,,,,,,,,,,,,,,,,21.52800006866455,,,,,21.5415656,39.206554,
18:47:01.512,23.2745361328125,,20.271903412430678,,,,,,,,,,,,,,,,,,,,,,,,,,19.043999862670898,,,,,21.5415656,39.206554,
18:47:01.512,23.00628662109375,,20.271903098015404,,,,,,,,,,,,,,,,,,,,,,,,,,19.043999862670898,,,,,21.5417665,39.2065093,
18:47:02.754,23.00628662109375,,20.228413589307465,,,,,,,,,,,,,,,,,,,,,,,,,,16.23600082397461,,,,,21.5417665,39.2065093,
18:47:02.754,23.0924072265625,,20.228412470670524,,,,,,,,,,,,,,,,,,,,,,,,,,16.23600082397461,,,,,21.5418158,39.206501,
18:47:03.479,23.0924072265625,,20.182985221841534,,,,,,,,,,,,,,,,,,,,,,,,,,12.959999656677246,,,,,21.5418158,39.206501,
18:47:03.480,23.1029052734375,,20.182983490870505,,,,,,,,,,,,,,,,,,,,,,,,,,12.959999656677246,,,,,21.541847,39.2064949,
18:47:05.732,23.1029052734375,,19.969985266559178,,,,,,,,,,,,,,,,,,,,,,,,,,9,,,,,21.541847,39.2064949,
18:47:05.732,20.98760986328125,,19.969982223878436,,,,,,,,,,,,,,,,,,,,,,,,,,9,,,,,21.5418826,39.2064919,
18:47:10.496,20.98760986328125,,19.691544905618958,,,,,,,,,,,,,,,,,,,,,,,,,,12.779999828338623,,,,,21.5418826,39.2064919,
18:47:10.496,20.2005615234375,,19.691543253861845,,,,,,,,,,,,,,,,,,,,,,,,,,12.779999828338623,,,,,21.5420092,39.2064668,
18:47:11.487,20.2005615234375,,19.649541886896287,,,,,,,,,,,,,,,,,,,,,,,,,,14.43600082397461,,,,,21.5420092,39.2064668,
18:47:11.487,19.83294677734375,,19.64954057942536,,,,,,,,,,,,,,,,,,,,,,,,,,14.43600082397461,,,,,21.5420452,39.2064592,
18:47:12.693,,,,,,,,,,,,,,,,,,,,,,,,13.6,,,,,,,,,,21.5420452,39.2064592,
18:47:12.825,19.83294677734375,,19.63308553417384,,,,,,,,,,,,,,,,,,,,,,,,,,18.10800075531006,,,,,21.5420452,39.2064592,
18:47:12.826,19.506591796875,,19.63308012245387,,,,,,,,,,,,,,,,,,,,,,,,,,18.10800075531006,,,,,21.5420893,39.2064513,
18:47:13.000,,,,,,,,,,,,,,,,,,,,,,,,13.6,,,,,,,,,,21.5420893,39.2064513,
18:47:13.151,,,,,53.333333333333336,,,,,,,,,,,,,,,,,,,,,,,,,,,,,21.5420893,39.2064513,
18:47:13.222,,,,,,,,,,,,87,,,,,,,,,,,,,,,,,,,,,,21.5420893,39.2064513,
18:47:13.283,,,,,,,,,,,,,,,,,,,,,,,,,,,-0.78125,,,,,,,21.5420893,39.2064513,
18:47:13.300,,,,,,,,,,,,,,,,,,,,,,,,13.6,,,,,,,,,,21.5420893,39.2064513,
18:47:13.484,,,,,53.333333333333336,,,,,,,,,,,,,,,,,,,,,,,,,,,,,21.5420893,39.2064513,
18:47:13.554,,,,,,,,,,,,87,,,,,,,,,,,,,,,,,,,,,,21.5420893,39.2064513,
18:47:13.615,,,,,,,,,,,,,,,,,,,,,,,,,,,-0.78125,,,,,,,21.5420893,39.2064513,
18:47:13.664,,,,,,,,,,,,,,,,,,,,,,-4.6875,,,,,,,,,,,,21.5420893,39.2064513,
18:47:13.747,,,,,,,,,,,,,,,,,,,,,,,,13.6,,,,,,,,,,21.5420893,39.2064513,
18:47:13.848,19.506591796875,,19.63268307607583,,,,,,,,,,,,,,,,,,,,,,,,,,19.584000205993654,,,,,21.5420893,39.2064513,
18:47:13.948,,,,,49.411764705882355,,,,,,,,,,,,,,,,,,,,,,,,,,,,,21.5421364,39.2064429,
18:47:14.004,,,,,,,,,,,,,,,,,,,,,,,,,,,-3.90625,,,,,,,21.5421364,39.2064429,
18:47:14.077,,,,,,,,,,,,,,,,,,,,,,-4.6875,,,,,,,,,,,,21.5421364,39.2064429,
18:47:14.105,,,,,,,,,,,,,,,,,,,,,,,,13.6,,,,,,,,,,21.5421364,39.2064429,
18:47:14.222,,,,,46.27450980392157,,,,,,,,,,,,,,,,,,,,,,,,,,,,,21.5421364,39.2064429,
18:47:14.311,,,,,,,,,,,,87,,,,,,,,,,,,,,,,,,,,,,21.5421364,39.2064429,
18:47:14.327,,,,,,,,,,,,,,,,,,,,,,,,,,,-3.125,,,,,,,21.5421364,39.2064429,
18:47:14.347,,,,,,,,,,,,,,,,,,,,,,-5.46875,,,,,,,,,,,,21.5421364,39.2064429,
18:47:14.378,,,,,,,,,,,,,,,,,,,,,,,,13.6,,,,,,,,,,21.5421364,39.2064429,
18:47:14.440,,,,,45.09803921568628,,,,,,,,,,,,,,,,,,,,,,,,,,,,,21.5421364,39.2064429,
18:47:14.489,,,,,,,,,,,,,,,,,,,,,,,,,,,-5.46875,,,,,,,21.5421364,39.2064429,
18:47:14.507,,,,,,,,,,,,,,,,,,,,,,-5.46875,,,,,,,,,,,,21.5421364,39.2064429,
18:47:14.537,19.5654296875,,19.651354120173192,,,,,,,,,,,,,,,,,,,,,,,,,,23.075999450683593,,,,,21.5421364,39.2064429,
18:47:14.537,19.626220703125,,19.651361262638705,,,,,,,,,,,,,,,,,,,,,,,,,,23.075999450683593,,,,,21.5421966,39.2064285,
18:47:14.545,,,,,,,,,,,,,,,,,,,,,,,,13.6,,,,,,,,,,21.5421966,39.2064285,
18:47:14.620,,,,,42.35294117647059,,,,,,,,,,,,,,,,,,,,,,,,,,,,,21.5421966,39.2064285,
18:47:14.658,,,,,,,,,,,,87,,,,,,,,,,,,,,,,,,,,,,21.5421966,39.2064285,
18:47:14.676,,,,,,,,,,,,,,,,,,,,,,,,,,,-4.6875,,,,,,,21.5421966,39.2064285,
18:47:14.706,,,,,,,,,,,,,,,,,,,,,,-5.46875,,,,,,,,,,,,21.5421966,39.2064285,
18:47:14.786,,,,,,,,,,,,,,,,,,,,,,,,13.6,,,,,,,,,,21.5421966,39.2064285,
18:47:14.857,,,,,35.294117647058826,,,,,,,,,,,,,,,,,,,,,,,,,,,,,21.5421966,39.2064285,
18:47:14.885,,,,,,,,,,,,,,,,,,,,,,,,,,,-3.125,,,,,,,21.5421966,39.2064285,
18:47:14.928,,,,,,,,,,,,,,,,,,,,,,-3.90625,,,,,,,,,,,,21.5421966,39.2064285,
18:47:14.947,,,,,,,,,,,,,,,,,,,,,,,,13.6,,,,,,,,,,21.5421966,39.2064285,
18:47:15.027,,,,,27.058823529411764,,,,,,,,,,,,,,,,,,,,,,,,,,,,,21.5421966,39.2064285,
18:47:15.051,,,,,,,,,,,,87,,,,,,,,,,,,,,,,,,,,,,21.5421966,39.2064285,
18:47:15.085,,,,,,,,,,,,,,,,,,,,,,,,,,,-4.6875,,,,,,,21.5421966,39.2064285,
18:47:15.107,,,,,,,,,,,,,,,,,,,,,,-2.34375,,,,,,,,,,,,21.5421966,39.2064285,
18:47:15.145,,,,,,,,,,,,,,,,,,,,,,,,13.6,,,,,,,,,,21.5421966,39.2064285,
18:47:15.208,,,,,25.49019607843137,,,,,,,,,,,,,,,,,,,,,,,,,,,,,21.5421966,39.2064285,
18:47:15.239,,,,,,,,,,,,,,,,,,,,,,,,,,,-4.6875,,,,,,,21.5421966,39.2064285,
18:47:15.269,,,,,,,,,,,,,,,,,,,,,,-2.34375,,,,,,,,,,,,21.5421966,39.2064285,
18:47:15.287,,,,,,,,,,,,,,,,,,,,,,,,13.6,,,,,,,,,,21.5421966,39.2064285,
18:47:15.344,,,,,23.137254901960784,,,,,,,,,,,,,,,,,,,,,,,,,,,,,21.5421966,39.2064285,
18:47:15.367,,,,,,,,,,,,87,,,,,,,,,,,,,,,,,,,,,,21.5421966,39.2064285,
18:47:15.397,,,,,,,,,,,,,,,,,,,,,,,,,,,-3.90625,,,,,,,21.5421966,39.2064285,
18:47:15.428,,,,,,,,,,,,,,,,,,,,,,-0.78125,,,,,,,,,,,,21.5421966,39.2064285,
18:47:15.461,,,,,,,,,,,,,,,,,,,,,,,,13.6,,,,,,,,,,21.5421966,39.2064285,
18:47:15.519,19.626220703125,,19.688377992040405,,,,,,,,,,,,,,,,,,,,,,,,,,24.480000686645507,,,,,21.5421966,39.2064285,
18:47:15.519,19.7147216796875,,19.68839227223743,,,,,,,,,,,,,,,,,,,,,,,,,,24.480000686645507,,,,,21.5422552,39.2064125,
18:47:15.545,,,,,21.176470588235293,,,,,,,,,,,,,,,,,,,,,,,,,,,,,21.5422552,39.2064125,
18:47:15.568,,,,,,,,,,,,,,,,,,,,,,,,,,,-3.90625,,,,,,,21.5422552,39.2064125,
18:47:15.586,,,,,,,,,,,,,,,,,,,,,,-0.78125,,,,,,,,,,,,21.5422552,39.2064125,
18:47:15.619,,,,,,,,,,,,,,,,,,,,,,,,13.6,,,,,,,,,,21.5422552,39.2064125,
18:47:16.002,,,,,18.823529411764707,,,,,,,,,,,,,,,,,,,,,,,,,,,,,21.5422552,39.2064125,
18:47:16.028,,,,,,,,,,,,87,,,,,,,,,,,,,,,,,,,,,,21.5422552,39.2064125,
18:47:16.045,,,,,,,,,,,,,,,,,,,,,,,,,,,-7.03125,,,,,,,21.5422552,39.2064125,
18:47:16.069,,,,,,,,,,,,,,,,,,,,,,0.78125,,,,,,,,,,,,21.5422552,39.2064125,
18:47:16.109,,,,,,,,,,,,,,,,,,,,,,,,13.6,,,,,,,,,,21.5422552,39.2064125,
18:47:16.195,,,,,18.03921568627451,,,,,,,,,,,,,,,,,,,,,,,,,,,,,21.5422552,39.2064125,
18:47:16.236,,,,,,,,,,,,,,,,,,,,,,,,,,,-8.59375,,,,,,,21.5422552,39.2064125,
18:47:16.281,,,,,,,,,,,,,,,,,,,,,,1.5625,,,,,,,,,,,,21.5422552,39.2064125,
18:47:16.299,,,,,,,,,,,,,,,,,,,,,,,,13.6,,,,,,,,,,21.5422552,39.2064125,
18:47:16.371,,,,,18.03921568627451,,,,,,,,,,,,,,,,,,,,,,,,,,,,,21.5422552,39.2064125,
18:47:16.395,,,,,,,,,,,,87,,,,,,,,,,,,,,,,,,,,,,21.5422552,39.2064125,
18:47:16.416,,,,,,,,,,,,,,,,,,,,,,,,,,,-9.375,,,,,,,21.5422552,39.2064125,
18:47:16.445,,,,,,,,,,,,,,,,,,,,,,1.5625,,,,,,,,,,,,21.5422552,39.2064125,
18:47:16.470,,,,,,,,,,,,,,,,,,,,,,,,13.6,,,,,,,,,,21.5422552,39.2064125,
18:47:16.490,19.7147216796875,,19.7260670444029,,,,,,,,,,,,,,,,,,,,,,,,,,24.696000480651858,,,,,21.5422552,39.2064125,
18:47:16.490,19.25970458984375,,19.726084498868588,,,,,,,,,,,,,,,,,,,,,,,,,,24.696000480651858,,,,,21.5423195,39.2063944,
18:47:16.528,,,,,18.03921568627451,,,,,,,,,,,,,,,,,,,,,,,,,,,,,21.5423195,39.2063944,
18:47:16.556,,,,,,,,,,,,,,,,,,,,,,,,,,,-10.15625,,,,,,,21.5423195,39.2063944,
18:47:16.591,,,,,,,,,,,,,,,,,,,,,,1.5625,,,,,,,,,,,,21.5423195,39.2063944,
18:47:16.613,,,,,,,,,,,,,,,,,,,,,,,,13.6,,,,,,,,,,21.5423195,39.2063944,
18:47:16.666,,,,,18.03921568627451,,,,,,,,,,,,,,,,,,,,,,,,,,,,,21.5423195,39.2063944,
18:47:16.694,,,,,,,,,,,,87,,,,,,,,,,,,,,,,,,,,,,21.5423195,39.2063944,
18:47:16.715,,,,,,,,,,,,,,,,,,,,,,,,,,,-11.71875,,,,,,,21.5423195,39.2063944,
18:47:16.736,,,,,,,,,,,,,,,,,,,,,,1.5625,,,,,,,,,,,,21.5423195,39.2063944,
18:47:16.760,,,,,,,,,,,,,,,,,,,,,,,,13.6,,,,,,,,,,21.5423195,39.2063944,
18:47:16.822,,,,,18.03921568627451,,,,,,,,,,,,,,,,,,,,,,,,,,,,,21.5423195,39.2063944,
18:47:16.845,,,,,,,,,,,,,,,,,,,,,,,,,,,-11.71875,,,,,,,21.5423195,39.2063944,
18:47:16.874,,,,,,,,,,,,,,,,,,,,,,1.5625,,,,,,,,,,,,21.5423195,39.2063944,
18:47:16.926,,,,,,,,,,,,,,,,,,,,,,,,13.6,,,,,,,,,,21.5423195,39.2063944,
18:47:17.005,,,,,18.03921568627451,,,,,,,,,,,,,,,,,,,,,,,,,,,,,21.5423195,39.2063944,
18:47:17.032,,,,,,,,,,,,87,,,,,,,,,,,,,,,,,,,,,,21.5423195,39.2063944,
18:47:17.052,,,,,,,,,,,,,,,,,,,,,,,,,,,-10.15625,,,,,,,21.5423195,39.2063944,
18:47:17.106,,,,,,,,,,,,,,,,,,,,,,1.5625,,,,,,,,,,,,21.5423195,39.2063944,
18:47:17.138,,,,,,,,,,,,,,,,,,,,,,,,13.6,,,,,,,,,,21.5423195,39.2063944,
18:47:17.205,,,,,18.03921568627451,,,,,,,,,,,,,,,,,,,,,,,,,,,,,21.5423195,39.2063944,
18:47:17.246,,,,,,,,,,,,,,,,,,,,,,,,,,,0,,,,,,,21.5423195,39.2063944,
18:47:17.264,,,,,,,,,,,,,,,,,,,,,,1.5625,,,,,,,,,,,,21.5423195,39.2063944,
18:47:17.303,,,,,,,,,,,,,,,,,,,,,,,,13.6,,,,,,,,,,21.5423195,39.2063944,
18:47:17.366,,,,,18.03921568627451,,,,,,,,,,,,,,,,,,,,,,,,,,,,,21.5423195,39.2063944,
18:47:17.384,,,,,,,,,,,,87,,,,,,,,,,,,,,,,,,,,,,21.5423195,39.2063944,
18:47:17.416,,,,,,,,,,,,,,,,,,,,,,,,,,,0,,,,,,,21.5423195,39.2063944,
18:47:17.437,,,,,,,,,,,,,,,,,,,,,,1.5625,,,,,,,,,,,,21.5423195,39.2063944,
18:47:17.461,,,,,,,,,,,,,,,,,,,,,,,,13.6,,,,,,,,,,21.5423195,39.2063944,
18:47:17.506,,,,,18.431372549019606,,,,,,,,,,,,,,,,,,,,,,,,,,,,,21.5423195,39.2063944,
18:47:17.527,,,,,,,,,,,,,,,,,,,,,,,,,,,0,,,,,,,21.5423195,39.2063944,
18:47:17.559,,,,,,,,,,,,,,,,,,,,,,1.5625,,,,,,,,,,,,21.5423195,39.2063944,
18:47:17.615,,,,,,,,,,,,,,,,,,,,,,,,13.6,,,,,,,,,,21.5423195,39.2063944,
18:47:17.675,,,,,20,,,,,,,,,,,,,,,,,,,,,,,,,,,,,21.5423195,39.2063944,
18:47:17.697,,,,,,,,,,,,87,,,,,,,,,,,,,,,,,,,,,,21.5423195,39.2063944,
18:47:17.715,,,,,,,,,,,,,,,,,,,,,,,,,,,0,,,,,,,21.5423195,39.2063944,
18:47:17.736,,,,,,,,,,,,,,,,,,,,,,0,,,,,,,,,,,,21.5423195,39.2063944,
18:47:17.765,,,,,,,,,,,,,,,,,,,,,,,,13.6,,,,,,,,,,21.5423195,39.2063944,
18:47:17.827,,,,,22.352941176470587,,,,,,,,,,,,,,,,,,,,,,,,,,,,,21.5423195,39.2063944,
18:47:17.847,,,,,,,,,,,,,,,,,,,,,,,,,,,0,,,,,,,21.5423195,39.2063944,
18:47:17.875,,,,,,,,,,,,,,,,,,,,,,0,,,,,,,,,,,,21.5423195,39.2063944,
18:47:17.903,,,,,,,,,,,,,,,,,,,,,,,,13.6,,,,,,,,,,21.5423195,39.2063944,
18:47:17.975,,,,,22.745098039215687,,,,,,,,,,,,,,,,,,,,,,,,,,,,,21.5423195,39.2063944,
18:47:18.001,,,,,,,,,,,,87,,,,,,,,,,,,,,,,,,,,,,21.5423195,39.2063944,
18:47:18.030,,,,,,,,,,,,,,,,,,,,,,,,,,,-0.78125,,,,,,,21.5423195,39.2063944,
18:47:18.057,,,,,,,,,,,,,,,,,,,,,,-0.78125,,,,,,,,,,,,21.5423195,39.2063944,
18:47:18.081,,,,,,,,,,,,,,,,,,,,,,,,13.6,,,,,,,,,,21.5423195,39.2063944,
18:47:18.146,,,,,23.92156862745098,,,,,,,,,,,,,,,,,,,,,,,,,,,,,21.5423195,39.2063944,
18:47:18.165,,,,,,,,,,,,,,,,,,,,,,,,,,,-1.5625,,,,,,,21.5423195,39.2063944,
18:47:18.186,,,,,,,,,,,,,,,,,,,,,,-0.78125,,,,,,,,,,,,21.5423195,39.2063944,
18:47:18.208,,,,,,,,,,,,,,,,,,,,,,,,13.6,,,,,,,,,,21.5423195,39.2063944,
18:47:18.266,,,,,24.313725490196077,,,,,,,,,,,,,,,,,,,,,,,,,,,,,21.5423195,39.2063944,
18:47:18.285,,,,,,,,,,,,87,,,,,,,,,,,,,,,,,,,,,,21.5423195,39.2063944,
18:47:18.305,,,,,,,,,,,,,,,,,,,,,,,,,,,-1.5625,,,,,,,21.5423195,39.2063944,
18:47:18.328,,,,,,,,,,,,,,,,,,,,,,-0.78125,,,,,,,,,,,,21.5423195,39.2063944,
18:47:18.348,,,,,,,,,,,,,,,,,,,,,,,,13.6,,,,,,,,,,21.5423195,39.2063944,
18:47:18.428,,,,,32.549019607843135,,,,,,,,,,,,,,,,,,,,,,,,,,,,,21.5423195,39.2063944,
18:47:18.475,,,,,,,,,,,,,,,,,,,,,,,,,,,-0.78125,,,,,,,21.5423195,39.2063944,
18:47:18.497,,,,,,,,,,,,,,,,,,,,,,-3.125,,,,,,,,,,,,21.5423195,39.2063944,
18:47:18.527,,,,,,,,,,,,,,,,,,,,,,,,13.6,,,,,,,,,,21.5423195,39.2063944,
18:47:18.586,,,,,40.3921568627451,,,,,,,,,,,,,,,,,,,,,,,,,,,,,21.5423195,39.2063944,
18:47:18.605,,,,,,,,,,,,87,,,,,,,,,,,,,,,,,,,,,,21.5423195,39.2063944,
18:47:18.627,,,,,,,,,,,,,,,,,,,,,,,,,,,0,,,,,,,21.5423195,39.2063944,
18:47:18.667,,,,,,,,,,,,,,,,,,,,,,-5.46875,,,,,,,,,,,,21.5423195,39.2063944,
18:47:18.704,,,,,,,,,,,,,,,,,,,,,,,,13.6,,,,,,,,,,21.5423195,39.2063944,
18:47:18.916,,,,,41.568627450980394,,,,,,,,,,,,,,,,,,,,,,,,,,,,,21.5423195,39.2063944,
18:47:18.936,,,,,,,,,,,,,,,,,,,,,,,,,,,-0.78125,,,,,,,21.5423195,39.2063944,
18:47:18.966,,,,,,,,,,,,,,,,,,,,,,-5.46875,,,,,,,,,,,,21.5423195,39.2063944,
18:47:18.995,,,,,,,,,,,,,,,,,,,,,,,,13.6,,,,,,,,,,21.5423195,39.2063944,
18:47:19.068,,,,,42.745098039215684,,,,,,,,,,,,,,,,,,,,,,,,,,,,,21.5423195,39.2063944,
18:47:19.087,,,,,,,,,,,,87,,,,,,,,,,,,,,,,,,,,,,21.5423195,39.2063944,
18:47:19.116,,,,,,,,,,,,,,,,,,,,,,,,,,,-3.125,,,,,,,21.5423195,39.2063944,
18:47:19.136,,,,,,,,,,,,,,,,,,,,,,-5.46875,,,,,,,,,,,,21.5423195,39.2063944,
18:47:19.165,,,,,,,,,,,,,,,,,,,,,,,,13.6,,,,,,,,,,21.5423195,39.2063944,
18:47:19.228,,,,,51.76470588235294,,,,,,,,,,,,,,,,,,,,,,,,,,,,,21.5423195,39.2063944,
18:47:19.246,,,,,,,,,,,,,,,,,,,,,,,,,,,-2.34375,,,,,,,21.5423195,39.2063944,
18:47:19.271,,,,,,,,,,,,,,,,,,,,,,-5.46875,,,,,,,,,,,,21.5423195,39.2063944,
18:47:19.305,,,,,,,,,,,,,,,,,,,,,,,,13.6,,,,,,,,,,21.5423195,39.2063944,
18:47:19.366,,,,,52.549019607843135,,,,,,,,,,,,,,,,,,,,,,,,,,,,,21.5423195,39.2063944,
18:47:19.395,,,,,,,,,,,,87,,,,,,,,,,,,,,,,,,,,,,21.5423195,39.2063944,
18:47:19.418,,,,,,,,,,,,,,,,,,,,,,,,,,,0,,,,,,,21.5423195,39.2063944,
18:47:19.437,,,,,,,,,,,,,,,,,,,,,,-5.46875,,,,,,,,,,,,21.5423195,39.2063944,
18:47:19.462,,,,,,,,,,,,,,,,,,,,,,,,13.6,,,,,,,,,,21.5423195,39.2063944,
18:47:19.523,,,,,52.94117647058823,,,,,,,,,,,,,,,,,,,,,,,,,,,,,21.5423195,39.2063944,
18:47:19.546,,,,,,,,,,,,,,,,,,,,,,,,,,,0.78125,,,,,,,21.5423195,39.2063944,
18:47:19.566,,,,,,,,,,,,,,,,,,,,,,-5.46875,,,,,,,,,,,,21.5423195,39.2063944,
18:47:19.592,,,,,,,,,,,,,,,,,,,,,,,,13.6,,,,,,,,,,21.5423195,39.2063944,
18:47:19.678,,,,,54.11764705882353,,,,,,,,,,,,,,,,,,,,,,,,,,,,,21.5423195,39.2063944,
18:47:19.708,,,,,,,,,,,,87,,,,,,,,,,,,,,,,,,,,,,21.5423195,39.2063944,
18:47:19.729,,,,,,,,,,,,,,,,,,,,,,,,,,,-0.78125,,,,,,,21.5423195,39.2063944,
18:47:19.759,,,,,,,,,,,,,,,,,,,,,,-5.46875,,,,,,,,,,,,21.5423195,39.2063944,
18:47:19.785,,,,,,,,,,,,,,,,,,,,,,,,13.6,,,,,,,,,,21.5423195,39.2063944,
18:47:19.857,,,,,59.6078431372549,,,,,,,,,,,,,,,,,,,,,,,,,,,,,21.5423195,39.2063944,
18:47:19.887,,,,,,,,,,,,,,,,,,,,,,,,,,,-0.78125,,,,,,,21.5423195,39.2063944,
18:47:19.907,,,,,,,,,,,,,,,,,,,,,,-4.6875,,,,,,,,,,,,21.5423195,39.2063944,
18:47:19.939,,,,,,,,,,,,,,,,,,,,,,,,13.6,,,,,,,,,,21.5423195,39.2063944,
18:47:20.020,,,,,59.6078431372549,,,,,,,,,,,,,,,,,,,,,,,,,,,,,21.5423195,39.2063944,
18:47:20.055,,,,,,,,,,,,87,,,,,,,,,,,,,,,,,,,,,,21.5423195,39.2063944,
18:47:20.075,,,,,,,,,,,,,,,,,,,,,,,,,,,-0.78125,,,,,,,21.5423195,39.2063944,
18:47:20.096,,,,,,,,,,,,,,,,,,,,,,-4.6875,,,,,,,,,,,,21.5423195,39.2063944,
18:47:20.113,,,,,,,,,,,,,,,,,,,,,,,,13.6,,,,,,,,,,21.5423195,39.2063944,
18:47:20.167,,,,,61.1764705882353,,,,,,,,,,,,,,,,,,,,,,,,,,,,,21.5423195,39.2063944,
18:47:20.186,,,,,,,,,,,,,,,,,,,,,,,,,,,-0.78125,,,,,,,21.5423195,39.2063944,
18:47:20.195,,,,,,,,,,,,,,,,,,,,,,-4.6875,,,,,,,,,,,,21.5423195,39.2063944,
18:47:20.213,,,,,,,,,,,,,,,,,,,,,,,,13.6,,,,,,,,,,21.5423195,39.2063944,
18:47:20.265,,,,,60.78431372549019,,,,,,,,,,,,,,,,,,,,,,,,,,,,,21.5423195,39.2063944,
18:47:20.288,,,,,,,,,,,,87,,,,,,,,,,,,,,,,,,,,,,21.5423195,39.2063944,
18:47:20.305,,,,,,,,,,,,,,,,,,,,,,,,,,,-0.78125,,,,,,,21.5423195,39.2063944,
18:47:20.333,,,,,,,,,,,,,,,,,,,,,,-4.6875,,,,,,,,,,,,21.5423195,39.2063944,
18:47:20.353,,,,,,,,,,,,,,,,,,,,,,,,13.6,,,,,,,,,,21.5423195,39.2063944,
18:47:20.508,,,,,60,,,,,,,,,,,,,,,,,,,,,,,,,,,,,21.5423195,39.2063944,
18:47:20.561,,,,,,,,,,,,87,,,,,,,,,,,,,,,,,,,,,,21.5423195,39.2063944,
18:47:20.616,,,,,,,,,,,,,,,,,,,,,,,,,,,-2.34375,,,,,,,21.5423195,39.2063944,
18:47:20.669,,,,,,,,,,,,,,,,,,,,,,-4.6875,,,,,,,,,,,,21.5423195,39.2063944,
18:47:20.718,,,,,,,,,,,,,,,,,,,,,,,,,,,,-3.125,,,,,,21.5423195,39.2063944,
18:47:20.788,,,,,59.6078431372549,,,,,,,,,,,,,,,,,,,,,,,,,,,,,21.5423195,39.2063944,
18:47:20.806,,,,,,,,,,,,,,,,,,,,,,,,,,,-3.90625,,,,,,,21.5423195,39.2063944,
18:47:20.831,,,,,,,,,,,,,,,,,,,,,,-4.6875,,,,,,,,,,,,21.5423195,39.2063944,
18:47:20.876,,,,,,,,,,,,,,,,,,,,,,,,,,,,-3.125,,,,,,21.5423195,39.2063944,
18:47:20.930,,,,,59.21568627450981,,,,,,,,,,,,,,,,,,,,,,,,,,,,,21.5423195,39.2063944,
18:47:20.947,,,,,,,,,,,,87,,,,,,,,,,,,,,,,,,,,,,21.5423195,39.2063944,
18:47:20.968,,,,,,,,,,,,,,,,,,,,,,,,,,,-3.90625,,,,,,,21.5423195,39.2063944,
18:47:20.988,,,,,,,,,,,,,,,,,,,,,,-4.6875,,,,,,,,,,,,21.5423195,39.2063944,
18:47:21.007,,,,,,,,,,,,,,,,,,,,,,,,,,,,-3.90625,,,,,,21.5423195,39.2063944,
18:47:21.056,,,,,58.8235294117647,,,,,,,,,,,,,,,,,,,,,,,,,,,,,21.5423195,39.2063944,
18:47:21.076,,,,,,,,,,,,,,,,,,,,,,,,,,,-3.90625,,,,,,,21.5423195,39.2063944,
18:47:21.089,,,,,,,,,,,,,,,,,,,,,,-4.6875,,,,,,,,,,,,21.5423195,39.2063944,
18:47:21.106,,,,,,,,,,,,,,,,,,,,,,,,,,,,-3.125,,,,,,21.5423195,39.2063944,
18:47:21.179,,,,,58.8235294117647,,,,,,,,,,,,,,,,,,,,,,,,,,,,,21.5423195,39.2063944,
18:47:21.207,,,,,,,,,,,,87,,,,,,,,,,,,,,,,,,,,,,21.5423195,39.2063944,
18:47:21.228,,,,,,,,,,,,,,,,,,,,,,,,,,,-3.90625,,,,,,,21.5423195,39.2063944,
18:47:21.256,,,,,,,,,,,,,,,,,,,,,,-4.6875,,,,,,,,,,,,21.5423195,39.2063944,
18:47:21.287,,,,,,,,,,,,,,,,,,,,,,,,,,,,-2.34375,,,,,,21.5423195,39.2063944,
18:47:21.349,,,,,58.03921568627451,,,,,,,,,,,,,,,,,,,,,,,,,,,,,21.5423195,39.2063944,
18:47:21.377,,,,,,,,,,,,,,,,,,,,,,,,,,,-3.125,,,,,,,21.5423195,39.2063944,
18:47:21.399,,,,,,,,,,,,,,,,,,,,,,-4.6875,,,,,,,,,,,,21.5423195,39.2063944,
18:47:21.420,,,,,,,,,,,,,,,,,,,,,,,,,,,,-2.34375,,,,,,21.5423195,39.2063944,
18:47:21.495,,,,,58.03921568627451,,,,,,,,,,,,,,,,,,,,,,,,,,,,,21.5423195,39.2063944,
18:47:21.913,,,,,,,,,,,,87,,,,,,,,,,,,,,,,,,,,,,21.5423195,39.2063944,
18:47:21.916,19.25970458984375,,19.99641351115848,,,,,,,,,,,,,,,,,,,,,,,,,,26.424000549316407,,,,,21.5423195,39.2063944,
18:47:21.916,19.0323486328125,,19.996425100265927,,,,,,,,,,,,,,,,,,,,,,,,,,26.424000549316407,,,,,21.5426116,39.2063228,
18:47:22.073,,,,,56.470588235294116,,,,,,,,,,,,,,,,,,,,,,,,,,,,,21.5426116,39.2063228,
18:47:22.127,,,,,,,,,,,,87,,,,,,,,,,,,,,,,,,,,,,21.5426116,39.2063228,
18:47:22.176,,,,,,,,,,,,,,,,,,,,,,,,,,,-3.125,,,,,,,21.5426116,39.2063228,
18:47:22.239,,,,,,,,,,,,,,,,,,,,,,-4.6875,,,,,,,,,,,,21.5426116,39.2063228,
18:47:22.286,,,,,,,,,,,,,,,,,,,,,,,,,,,,-2.34375,,,,,,21.5426116,39.2063228,
18:47:22.337,,,,,,,,,,,,,,,,,,,,,,,-0.78125,,,,,,,,,,,21.5426116,39.2063228,
18:47:22.387,,,,-0.32,,,,,,,,,,,,,,,,,68,,,,,,,,,,,,,21.5426116,39.2063228,
18:47:22.437,,,,,,,,,,,,,1197,1.2,,,,,,,,,,,,,,,,,,,,21.5426116,39.2063228,
18:47:22.488,,,,,,,,,,,,,,,,,,,,,,,,,,,,,,,,-0.00014382759031841575,29,21.5426116,39.2063228,
18:47:22.545,,,,,57.254901960784316,,,,,,,,,,,,,,,,,,,,,,,,,,,,,21.5426116,39.2063228,
18:47:22.577,,,,,,,,,,,,,,,,,,,,,,,,,,,-3.125,,,,,,,21.5426116,39.2063228,
18:47:22.597,,,,,,,,,,,,,,,,,,,,,,-4.6875,,,,,,,,,,,,21.5426116,39.2063228,
18:47:22.605,,,,,,,,,,,,,,,,,,,,,,,,,,,,-0.78125,,,,,,21.5426116,39.2063228,
18:47:22.659,,,,,,,,,,,,,,,,,,,,,,,-0.78125,,,,,,,,,,,21.5426116,39.2063228,
18:47:22.704,,,,-0.3,,,,,,,,,,,,,,,,,70,,,,,,,,,,,,,21.5426116,39.2063228,
18:47:22.756,,,,,,,,,,,,,1155,1.2,,,,,,,,,,,,,,,,,,,,21.5426116,39.2063228,
18:47:22.806,,28.999999999999996,,,,,,0.0025616884166666663,0.07649,1.355682,0.07649,,,,,,,,,,,,,,,,,,,,,-0.0001438323365443204,29,21.5426116,39.2063228,
18:47:22.894,,,,,58.431372549019606,,,,,,,,,,,,,,,,,,,,,,,,,,,,,21.5426116,39.2063228,
18:47:22.916,,,,,,,,,,,,87,,,,,,,,,,,,,,,,,,,,,,21.5426116,39.2063228,
18:47:22.941,,,,,,,,,,,,,,,,,,,,,,,,,,,-2.34375,,,,,,,21.5426116,39.2063228,
18:47:22.969,,,,,,,,,,,,,,,,,,,,,,-4.6875,,,,,,,,,,,,21.5426116,39.2063228,
18:47:22.986,,,,,,,,,,,,,,,,,,,,,,,,,,,,-1.5625,,,,,,21.5426116,39.2063228,
18:47:23.030,,,,,,,,,,,,,,,,,,,,,,,-0.78125,,,,,,,,,,,21.5426116,39.2063228,
18:47:23.055,,,,-0.3,,,,,,,,,,,,,,,,,70,,,,,,,,,,,,,21.5426116,39.2063228,
18:47:23.077,,,,,,,,,,,,,1187,1.2,,,,,,,,,,,,,,,,,,,,21.5426116,39.2063228,
18:47:23.106,,29.485838861327068,,,,,,0.005065735916666666,0.078994,1.3581860000000001,0.078994,,,,,,,,,,,,,,,,,,,,,-0.0001678215033847433,30,21.5426116,39.2063228,
18:47:23.188,,,,,57.64705882352941,,,,,,,,,,,,,,,,,,,,,,,,,,,,,21.5426116,39.2063228,
18:47:23.216,,,,,,,,,,,,,,,,,,,,,,,,,,,-3.90625,,,,,,,21.5426116,39.2063228,
18:47:23.241,,,,,,,,,,,,,,,,,,,,,,-4.6875,,,,,,,,,,,,21.5426116,39.2063228,
18:47:23.270,,,,,,,,,,,,,,,,,,,,,,,,,,,,-3.125,,,,,,21.5426116,39.2063228,
18:47:23.286,,,,,,,,,,,,,,,,,,,,,,,-0.78125,,,,,,,,,,,21.5426116,39.2063228,
18:47:23.316,,,,-0.32,,,,,,,,,,,,,,,,,68,,,,,,,,,,,,,21.5426116,39.2063228,
18:47:23.345,,,,,,,,,,,,,1197,1.2,,,,,,,,,,,,,,,,,,,,21.5426116,39.2063228,
18:47:23.377,,29.642244230140303,,,,,,0.007319016749999999,0.081247,1.3604390000000002,0.081247,,,,,,,,,,,,,,,,,,,,,-0.00016783563241497065,30,21.5426116,39.2063228,
18:47:23.478,,,,,56.07843137254902,,,,,,,,,,,,,,,,,,,,,,,,,,,,,21.5426116,39.2063228,
18:47:23.505,,,,,,,,,,,,88,,,,,,,,,,,,,,,,,,,,,,21.5426116,39.2063228,
18:47:23.508,19.0323486328125,,20.110768720264122,,,,,,,,,,,,,,,,,,,,,,,,,,29.77200164794922,,,,,21.5426116,39.2063228,
18:47:23.508,19.47698974609375,,20.110787427389734,,,,,,,,,,,,,,,,,,,,,,,,,,29.77200164794922,,,,,21.5427496,39.2062915,
18:47:23.534,,,,,,,,,,,,,,,,,,,,,,,,,,,-5.46875,,,,,,,21.5427496,39.2062915,
18:47:23.565,,,,,,,,,,,,,,,,,,,,,,-4.6875,,,,,,,,,,,,21.5427496,39.2062915,
18:47:23.575,,,,,,,,,,,,,,,,,,,,,,,,,,,,-3.90625,,,,,,21.5427496,39.2062915,
18:47:23.606,,,,,,,,,,,,,,,,,,,,,,,-0.78125,,,,,,,,,,,21.5427496,39.2062915,
18:47:23.630,,,,-0.32,,,,,,,,,,,,,,,,,68,,,,,,,,,,,,,21.5427496,39.2062915,
18:47:23.659,,,,,,,,,,,,,1215,1.2,,,,,,,,,,,,,,,,,,,,21.5427496,39.2062915,
18:47:23.676,,29.983974305818574,,,,,,0.00989345136111111,0.083821,1.363013,0.083821,,,,,,,,,,,,,,,,,,,,,0.04768121939517946,31,21.5427496,39.2062915,
18:47:23.775,,,,,56.07843137254902,,,,,,,,,,,,,,,,,,,,,,,,,,,,,21.5427496,39.2062915,
18:47:23.806,,,,,,,,,,,,,,,,,,,,,,,,,,,-4.6875,,,,,,,21.5427496,39.2062915,
18:47:23.828,,,,,,,,,,,,,,,,,,,,,,-4.6875,,,,,,,,,,,,21.5427496,39.2062915,
18:47:23.846,,,,,,,,,,,,,,,,,,,,,,,,,,,,-3.125,,,,,,21.5427496,39.2062915,
18:47:23.876,,,,,,,,,,,,,,,,,,,,,,,-0.78125,,,,,,,,,,,21.5427496,39.2062915,
18:47:23.896,,,,-0.32,,,,,,,,,,,,,,,,,68,,,,,,,,,,,,,21.5427496,39.2062915,
18:47:23.927,,,,,,,,,,,,,1227,1.2,,,,,,,,,,,,,,,,,,,,21.5427496,39.2062915,
18:47:23.945,,30.171736939405573,,,,,,0.012212240166666666,0.08614,1.365332,0.08614,,,,,,,,,,,,,,,,,,,,,0.049730263233500736,31,21.5427496,39.2062915,
18:47:24.039,,,,,55.68627450980392,,,,,,,,,,,,,,,,,,,,,,,,,,,,,21.5427496,39.2062915,
18:47:24.055,,,,,,,,,,,,88,,,,,,,,,,,,,,,,,,,,,,21.5427496,39.2062915,
18:47:24.085,,,,,,,,,,,,,,,,,,,,,,,,,,,-4.6875,,,,,,,21.5427496,39.2062915,
18:47:24.226,,,,,55.294117647058826,,,,,,,,,,,,,,,,,,,,,,,,,,,,,21.5427496,39.2062915,
18:47:24.276,,,,,,,,,,,,88,,,,,,,,,,,,,,,,,,,,,,21.5427496,39.2062915,
18:47:24.325,,,,,,,,,,,,,,,,,,,,,,,,,,,-3.125,,,,,,,21.5427496,39.2062915,
18:47:24.375,,,,,,,,,,,,,,,,,,,,,,-4.6875,,,,,,,,,,,,21.5427496,39.2062915,
18:47:24.424,,,,,,,,,,,,,,,,,,,,,,,,,,,,-2.34375,,,,,,21.5427496,39.2062915,
18:47:24.465,,,,,,,,,,,,,,,,,,,,,,,-0.78125,,,,,,,,,,,21.5427496,39.2062915,
18:47:24.489,19.47698974609375,,20.191594859603704,,,,,,,,,,,,,,,,,,,,,,,,,,31.39200096130371,,,,,21.5427496,39.2062915,
18:47:24.490,19.87335205078125,,20.191620184687412,,,,,,,,,,,,,,,,,,,,,,,,,,31.39200096130371,,,,,21.5428258,39.2062752,
18:47:24.522,,,,-0.36,,,,,,,,,,,,,,,,,64,,,,,,,,,,,,,21.5428258,39.2062752,
18:47:24.583,,,,,,,,,,,,,1267,1.3,,,,,,,,,,,,,,,,,,,,21.5428258,39.2062752,
18:47:24.625,,30.75338409744673,,,,,,0.0182555095,0.092183,1.371375,0.092183,,,,,,,,,,,,,,,,,,,,,0.03730755106722992,32,21.5428258,39.2062752,
18:47:24.674,,,,,,,,,,,,,,,,,,,,,,,,,,,,,,,37,,,21.5428258,39.2062752,
18:47:24.928,,,,,,,,,,,,,,,,,,,,60,,,,,,,,,,,,,,21.5428258,39.2062752,
18:47:25.075,,,,,41.1764705882353,,,,,,,,,,,,,,,,,,,,,,,,,,,,,21.5428258,39.2062752,
18:47:25.118,,,,,,,,,,,,88,,,,,,,,,,,,,,,,,,,,,,21.5428258,39.2062752,
18:47:25.165,,,,,,,,,,,,,,,,,,,,,,,,,,,-7.8125,,,,,,,21.5428258,39.2062752,
18:47:25.210,,,,,,,,,,,,,,,,,,,,,,-5.46875,,,,,,,,,,,,21.5428258,39.2062752,
18:47:25.255,,,,,,,,,,,,,,,,,,,,,,,,,,,,-3.90625,,,,,,21.5428258,39.2062752,
18:47:25.304,,,,,,,,,,,,,,,,,,,,,,,-0.78125,,,,,,,,,,,21.5428258,39.2062752,
18:47:25.345,,,,-0.51,,,,,,,,,,,,,,,,,49,,,,,,,,,,,,,21.5428258,39.2062752,
18:47:25.394,,,,,,,,,,,,,1299,1.3,,,,,,,,,,,,,,,,,,,,21.5428258,39.2062752,
18:47:25.456,,31.382399822909946,,,,,,0.025872883916666665,0.0998,1.3789920000000002,0.0998,,,,,,,,,,,,,,,,,,,,,0.04087064222064477,33,21.5428258,39.2062752,
18:47:25.513,,,,,,,,,,,,,,,,,,,,,,,,,,,,,,,38.5,,,21.5428258,39.2062752,
18:47:25.559,,,,,,,,,,,,,,,,,,,,59,,,,,,,,,,,,,,21.5428258,39.2062752,
18:47:25.589,19.87335205078125,,20.293980065304904,,,,,,,,,,,,,,,,,,,,,,,,,,33.04800109863282,,,,,21.5428258,39.2062752,
18:47:25.590,20.26397705078125,,20.294006244928905,,,,,,,,,,,,,,,,,,,,,,,,,,33.04800109863282,,,,,21.5429071,39.2062557,
18:47:25.605,,,,,,,,,,,,,,,,1,,,,,,,,,,,,,,15.686274509803921,,,,21.5429071,39.2062557,
18:47:25.656,,,,,,,,,,,,,,,,,,,,,,,,,0.73,,,,,,,,,21.5429071,39.2062557,
18:47:25.754,,,,,39.6078431372549,,,,,,,,,,,,,,,,,,,,,,,,,,,,,21.5429071,39.2062557,
18:47:25.790,,,,,,,,,,,,,,,,,,,,,,,,,,,-3.125,,,,,,,21.5429071,39.2062557,
18:47:25.822,,,,,,,,,,,,,,,,,,,,,,-5.46875,,,,,,,,,,,,21.5429071,39.2062557,
18:47:25.846,,,,,,,,,,,,,,,,,,,,,,,,,,,,-3.125,,,,,,21.5429071,39.2062557,
18:47:25.869,,,,,,,,,,,,,,,,,,,,,,,-0.78125,,,,,,,,,,,21.5429071,39.2062557,
18:47:25.894,,,,-0.49,,,,,,,,,,,,,,,,,51,,,,,,,,,,,,,21.5429071,39.2062557,
18:47:25.915,,,,,,,,,,,,,1200,1.2,,,,,,,,,,,,,,,,,,,,21.5429071,39.2062557,
18:47:25.936,,31.607551069820257,,,,,,0.030272023166666665,0.104199,1.383391,0.104199,,,,,,,,,,,,,,,,,,,,,0.025066303287445846,33,21.5429071,39.2062557,
18:47:25.996,,,,,,,,,,,,,,,,,,,,,,,,,,,,,,,30,,,21.5429071,39.2062557,
18:47:26.033,,,,,,,,,,,,,,,,,,,,59,,,,,,,,,,,,,,21.5429071,39.2062557,
18:47:26.074,,,,,,,,,,,,,,,,1,,,,,,,,,,,,,,15.686274509803921,,,,21.5429071,39.2062557,
18:47:26.115,,,,,,,,,,,,,,,,,,,,,,,,,0.73,,,,,,,,,21.5429071,39.2062557,
18:47:26.255,,,,,43.13725490196079,,,,,,,,,,,,,,,,,,,,,,,,,,,,,21.5429071,39.2062557,
18:47:26.296,,,,,,,,,,,,88,,,,,,,,,,,,,,,,,,,,,,21.5429071,39.2062557,
18:47:26.337,,,,,,,,,,,,,,,,,,,,,,,,,,,-1.5625,,,,,,,21.5429071,39.2062557,
18:47:26.386,,,,,,,,,,,,,,,,,,,,,,-5.46875,,,,,,,,,,,,21.5429071,39.2062557,
18:47:26.427,,,,,,,,,,,,,,,,,,,,,,,,,,,,-1.5625,,,,,,21.5429071,39.2062557,
18:47:26.468,,,,,,,,,,,,,,,,,,,,,,,-0.78125,,,,,,,,,,,21.5429071,39.2062557,
18:47:26.517,,,,-0.49,,,,,,,,,,,,,,,,,51,,,,,,,,,,,,,21.5429071,39.2062557,
18:47:26.566,,,,,,,,,,,,,1117,1.1,,,,,,,,,,,,,,,,,,,,21.5429071,39.2062557,
18:47:26.625,,31.83947066116978,,,,,,0.03658807741666666,0.110515,1.389707,0.110515,,,,,,,,,,,,,,,,,,,,,0.021140165885903287,33,21.5429071,39.2062557,
18:47:26.685,,,,,,,,,,,,,,,,,,,,,,,,,,,,,,,39,,,21.5429071,39.2062557,
18:47:26.734,,,,,,,,,,,,,,,,,,,,59,,,,,,,,,,,,,,21.5429071,39.2062557,
18:47:26.795,,,,,,,,,,,,,,,,1,,,,,,,,,,,,,,14.117647058823529,,,,21.5429071,39.2062557,
18:47:26.845,,,,,,,,,,,,,,,,,,,,,,,,,0.725,,,,,,,,,21.5429071,39.2062557,
18:47:26.906,,,,,36.470588235294116,,,,,,,,,,,,,,,,,,,,,,,,,,,,,21.5429071,39.2062557,
18:47:26.928,,,,,,,,,,,,,,,,,,,,,,,,,,,-3.125,,,,,,,21.5429071,39.2062557,
18:47:26.945,,,,,,,,,,,,,,,,,,,,,,-3.90625,,,,,,,,,,,,21.5429071,39.2062557,
18:47:26.965,,,,,,,,,,,,,,,,,,,,,,,,,,,,-4.6875,,,,,,21.5429071,39.2062557,
18:47:26.986,,,,,,,,,,,,,,,,,,,,,,,0,,,,,,,,,,,21.5429071,39.2062557,
18:47:26.995,,,,-0.55,,,,,,,,,,,,,,,,,45,,,,,,,,,,,,,21.5429071,39.2062557,
18:47:27.029,,,,,,,,,,,,,1128,1.1,,,,,,,,,,,,,,,,,,,,21.5429071,39.2062557,
18:47:27.052,,31.94801181441607,,,,,,0.04050072975,0.114428,1.39362,0.114428,,,,,,,,,,,,,,,,,,,,,0.011672097911581919,33,21.5429071,39.2062557,
18:47:27.087,,,,,,,,,,,,,,,,,,,,,,,,,,,,,,,31,,,21.5429071,39.2062557,
18:47:27.117,,,,,,,,,,,,,,,,,,,,59,,,,,,,,,,,,,,21.5429071,39.2062557,
18:47:27.136,,,,,,,,,,,,,,,,1,,,,,,,,,,,,,,17.647058823529413,,,,21.5429071,39.2062557,
18:47:27.246,,,,,60,,,,,,,,,,,,,,,,,,,,,,,,,,,,,21.5429071,39.2062557,
18:47:27.295,,,,,,,,,,,,88,,,,,,,,,,,,,,,,,,,,,,21.5429071,39.2062557,
18:47:27.336,,,,,,,,,,,,,,,,,,,,,,,,,,,-3.90625,,,,,,,21.5429071,39.2062557,
18:47:27.377,,,,,,,,,,,,,,,,,,,,,,-2.34375,,,,,,,,,,,,21.5429071,39.2062557,
18:47:27.427,,,,,,,,,,,,,,,,,,,,,,,,,,,,-5.46875,,,,,,21.5429071,39.2062557,
18:47:27.475,,,,,,,,,,,,,,,,,,,,,,,0.78125,,,,,,,,,,,21.5429071,39.2062557,
18:47:27.516,,,,-0.28,,,,,,,,,,,,,,,,,72,,,,,,,,,,,,,21.5429071,39.2062557,
18:47:27.565,,,,,,,,,,,,,1129,1.1,,,,,,,,,,,,,,,,,,,,21.5429071,39.2062557,
18:47:27.606,,32.06203035164293,,,,,,0.0455860655,0.119513,1.398705,0.119513,,,,,,,,,,,,,,,,,,,,,0,33,21.5429071,39.2062557,
18:47:27.656,,,,,,,,,,,,,,,,,,,,,,,,,,,,,,,33.5,,,21.5429071,39.2062557,
18:47:27.704,,,,,,,,,,,,,,,,,,,,59,,,,,,,,,,,,,,21.5429071,39.2062557,
18:47:27.749,,,,,,,,,,,,,,,,1,,,,,,,,,,,,,,13.333333333333334,,,,21.5429071,39.2062557,
18:47:27.797,,,,,,,,,,,,,,,,,,,,,,,,,0.725,,,,,,,,,21.5429071,39.2062557,
18:47:27.871,,,,,58.03921568627451,,,,,,,,,,,,,,,,,,,,,,,,,,,,,21.5429071,39.2062557,
18:47:27.897,,,,,,,,,,,,,,,,,,,,,,,,,,,-3.125,,,,,,,21.5429071,39.2062557,
18:47:27.916,,,,,,,,,,,,,,,,,,,,,,-0.78125,,,,,,,,,,,,21.5429071,39.2062557,
18:47:27.941,,,,,,,,,,,,,,,,,,,,,,,,,,,,-3.90625,,,,,,21.5429071,39.2062557,
18:47:27.956,,,,,,,,,,,,,,,,,,,,,,,1.5625,,,,,,,,,,,21.5429071,39.2062557,
18:47:27.977,,,,-0.28,,,,,,,,,,,,,,,,,72,,,,,,,,,,,,,21.5429071,39.2062557,
18:47:27.998,,,,,,,,,,,,,1110,1.1,,,,,,,,,,,,,,,,,,,,21.5429071,39.2062557,
18:47:28.030,,32.13379074740554,,,,,,0.04947308783333333,0.1234,1.402592,0.1234,,,,,,,,,,,,,,,,,,,,,0,33,21.5429071,39.2062557,
18:47:28.047,,,,,,,,,,,,,,,,,,,,,,,,,,,,,,,33.5,,,21.5429071,39.2062557,
18:47:28.066,,,,,,,,,,,,,,,,,,,,60,,,,,,,,,,,,,,21.5429071,39.2062557,
18:47:28.091,,,,,,,,,,,,,,,,1,,,,,,,,,,,,,,13.333333333333334,,,,21.5429071,39.2062557,
18:47:28.106,,,,,,,,,,,,,,,,,,,,,,,,,0.73,,,,,,,,,21.5429071,39.2062557,
18:47:28.428,,,,,55.68627450980392,,,,,,,,,,,,,,,,,,,,,,,,,,,,,21.5429071,39.2062557,
18:47:28.446,,,,,,,,,,,,88,,,,,,,,,,,,,,,,,,,,,,21.5429071,39.2062557,
18:47:28.466,,,,,,,,,,,,,,,,,,,,,,,,,,,-7.03125,,,,,,,21.5429071,39.2062557,
18:47:28.486,,,,,,,,,,,,,,,,,,,,,,-0.78125,,,,,,,,,,,,21.5429071,39.2062557,
18:47:28.492,20.26397705078125,,20.569820716534892,,,,,,,,,,,,,,,,,,,,,,,,,,33.69599876403809,,,,,21.5429071,39.2062557,
18:47:28.492,20.93414306640625,,20.569842553772943,,,,,,,,,,,,,,,,,,,,,,,,,,33.69599876403809,,,,,21.5431434,39.2061975,
18:47:28.509,,,,,,,,,,,,,,,,,,,,,,,,,,,,-3.90625,,,,,,21.5431434,39.2061975,
18:47:28.539,,,,,,,,,,,,,,,,,,,,,,,1.5625,,,,,,,,,,,21.5431434,39.2061975,
18:47:28.562,,,,-0.31,,,,,,,,,,,,,,,,,69,,,,,,,,,,,,,21.5431434,39.2061975,
18:47:28.592,,,,,,,,,,,,,1109,1.1,,,,,,,,,,,,,,,,,,,,21.5431434,39.2061975,
18:47:28.629,,32.21820992592758,,,,,,0.054959292,0.128886,1.4080780000000002,0.128886,,,,,,,,,,,,,,,,,,,,,0,33,21.5431434,39.2061975,
18:47:28.682,,,,,,,,,,,,,,,,,,,,,,,,,,,,,,,34,,,21.5431434,39.2061975,
18:47:28.706,,,,,,,,,,,,,,,,,,,,60,,,,,,,,,,,,,,21.5431434,39.2061975,
18:47:28.727,,,,,,,,,,,,,,,,1,,,,,,,,,,,,,,12.549019607843137,,,,21.5431434,39.2061975,
18:47:28.758,,,,,,,,,,,,,,,,,,,,,,,,,0.725,,,,,,,,,21.5431434,39.2061975,
18:47:28.846,,,,,54.11764705882353,,,,,,,,,,,,,,,,,,,,,,,,,,,,,21.5431434,39.2061975,
18:47:28.866,,,,,,,,,,,,,,,,,,,,,,,,,,,-8.59375,,,,,,,21.5431434,39.2061975,
18:47:28.891,,,,,,,,,,,,,,,,,,,,,,-0.78125,,,,,,,,,,,,21.5431434,39.2061975,
18:47:28.906,,,,,,,,,,,,,,,,,,,,,,,,,,,,-4.6875,,,,,,21.5431434,39.2061975,
18:47:28.929,,,,,,,,,,,,,,,,,,,,,,,1.5625,,,,,,,,,,,21.5431434,39.2061975,
18:47:28.957,,,,-0.34,,,,,,,,,,,,,,,,,66,,,,,,,,,,,,,21.5431434,39.2061975,
18:47:28.976,,,,,,,,,,,,,1111,1.1,,,,,,,,,,,,,,,,,,,,21.5431434,39.2061975,
18:47:28.996,,32.26230297654067,,,,,,0.058323987583333334,0.132251,1.4114430000000002,0.132251,,,,,,,,,,,,,,,,,,,,,0,33,21.5431434,39.2061975,
18:47:29.017,,,,,,,,,,,,,,,,,,,,,,,,,,,,,,,35,,,21.5431434,39.2061975,
18:47:29.045,,,,,,,,,,,,,,,,,,,,60,,,,,,,,,,,,,,21.5431434,39.2061975,
18:47:29.066,,,,,,,,,,,,,,,,1,,,,,,,,,,,,,,12.549019607843137,,,,21.5431434,39.2061975,
18:47:29.086,,,,,,,,,,,,,,,,,,,,,,,,,0.725,,,,,,,,,21.5431434,39.2061975,
18:47:29.137,,,,,54.509803921568626,,,,,,,,,,,,,,,,,,,,,,,,,,,,,21.5431434,39.2061975,
18:47:29.146,,,,,,,,,,,,88,,,,,,,,,,,,,,,,,,,,,,21.5431434,39.2061975,
18:47:29.156,,,,,,,,,,,,,,,,,,,,,,,,,,,-9.375,,,,,,,21.5431434,39.2061975,
18:47:29.166,,,,,,,,,,,,,,,,,,,,,,0,,,,,,,,,,,,21.5431434,39.2061975,
18:47:29.186,,,,,,,,,,,,,,,,,,,,,,,,,,,,-6.25,,,,,,21.5431434,39.2061975,
18:47:29.196,,,,,,,,,,,,,,,,,,,,,,,1.5625,,,,,,,,,,,21.5431434,39.2061975,
18:47:29.206,,,,-0.35000000000000003,,,,,,,,,,,,,,,,,65,,,,,,,,,,,,,21.5431434,39.2061975,
18:47:29.228,,,,,,,,,,,,,1109,1.1,,,,,,,,,,,,,,,,,,,,21.5431434,39.2061975,
18:47:29.257,,32.29081045689728,,,,,,0.06072206,0.134649,1.4138410000000001,0.134649,,,,,,,,,,,,,,,,,,,,,0,33,21.5431434,39.2061975,
18:47:29.285,,,,,,,,,,,,,,,,,,,,,,,,,,,,,,,34.5,,,21.5431434,39.2061975,
18:47:29.311,,,,,,,,,,,,,,,,,,,,60,,,,,,,,,,,,,,21.5431434,39.2061975,
18:47:29.327,,,,,,,,,,,,,,,,1,,,,,,,,,,,,,,13.333333333333334,,,,21.5431434,39.2061975,
18:47:29.355,,,,,,,,,,,,,,,,,,,,,,,,,0.725,,,,,,,,,21.5431434,39.2061975,
18:47:29.418,,,,,54.11764705882353,,,,,,,,,,,,,,,,,,,,,,,,,,,,,21.5431434,39.2061975,
18:47:29.438,,,,,,,,,,,,,,,,,,,,,,,,,,,-11.71875,,,,,,,21.5431434,39.2061975,
18:47:29.457,,,,,,,,,,,,,,,,,,,,,,0,,,,,,,,,,,,21.5431434,39.2061975,
18:47:29.477,,,,,,,,,,,,,,,,,,,,,,,,,,,,-5.46875,,,,,,21.5431434,39.2061975,
18:47:29.495,,,,,,,,,,,,,,,,,,,,,,,1.5625,,,,,,,,,,,21.5431434,39.2061975,
18:47:29.505,,,,-0.35000000000000003,,,,,,,,,,,,,,,,,65,,,,,,,,,,,,,21.5431434,39.2061975,
18:47:29.527,,,,,,,,,,,,,1111,1.1,,,,,,,,,,,,,,,,,,,,21.5432279,39.2061802,
18:47:29.540,20.93414306640625,,20.668012899526406,,,,,,,,,,,,,,,,,,,,,,,,,,33.875999450683594,,,,,21.5431434,39.2061975,
18:47:29.540,21.0804443359375,,20.668036207556675,,,,,,,,,,,,,,,,,,,,,,,,,,33.875999450683594,,,,,21.5432279,39.2061802,
18:47:29.566,,32.36531083044141,,,,,,0.06363592705555556,0.137563,1.4167550000000002,0.137563,,,,,,,,,,,,,,,,,,,,,0.018444828640985803,34,21.5432279,39.2061802,
18:47:29.617,,,,,,,,,,,,,,,,,,,,,,,,,,,,,,,34,,,21.5432279,39.2061802,
18:47:29.664,,,,,,,,,,,,,,,,,,,,60,,,,,,,,,,,,,,21.5432279,39.2061802,
18:47:29.678,,,,,,,,,,,,,,,,1,,,,,,,,,,,,,,15.294117647058824,,,,21.5432279,39.2061802,
18:47:29.706,,,,,,,,,,,,,,,,,,,,,,,,,0.725,,,,,,,,,21.5432279,39.2061802,
18:47:29.775,,,,,60.78431372549019,,,,,,,,,,,,,,,,,,,,,,,,,,,,,21.5432279,39.2061802,
18:47:29.786,,,,,,,,,,,,88,,,,,,,,,,,,,,,,,,,,,,21.5432279,39.2061802,
18:47:29.796,,,,,,,,,,,,,,,,,,,,,,,,,,,-10.15625,,,,,,,21.5432279,39.2061802,
18:47:29.806,,,,,,,,,,,,,,,,,,,,,,-1.5625,,,,,,,,,,,,21.5432279,39.2061802,
18:47:29.828,,,,,,,,,,,,,,,,,,,,,,,,,,,,-5.46875,,,,,,21.5432279,39.2061802,
18:47:29.846,,,,,,,,,,,,,,,,,,,,,,,0.78125,,,,,,,,,,,21.5432279,39.2061802,
18:47:29.867,,,,-0.24,,,,,,,,,,,,,,,,,76,,,,,,,,,,,,,21.5432279,39.2061802,
18:47:29.891,,,,,,,,,,,,,1125,1.1,,,,,,,,,,,,,,,,,,,,21.5432279,39.2061802,
18:47:29.929,,32.4450411693845,,,,,,0.06706365405555556,0.140991,1.4201830000000002,0.140991,,,,,,,,,,,,,,,,,,,,,0.02178841577812985,34,21.5432279,39.2061802,
18:47:29.966,,,,,,,,,,,,,,,,,,,,,,,,,,,,,,,30,,,21.5432279,39.2061802,
18:47:29.996,,,,,,,,,,,,,,,,,,,,60,,,,,,,,,,,,,,21.5432279,39.2061802,
18:47:30.016,,,,,,,,,,,,,,,,1,,,,,,,,,,,,,,14.117647058823529,,,,21.5432279,39.2061802,
18:47:30.056,,,,,,,,,,,,,,,,,,,,,,,,,0.725,,,,,,,,,21.5432279,39.2061802,
18:47:30.095,,,,,68.23529411764706,,,,,,,,,,,,,,,,,,,,,,,,,,,,,21.5432279,39.2061802,
18:47:30.116,,,,,,,,,,,,,,,,,,,,,,,,,,,-8.59375,,,,,,,21.5432279,39.2061802,
18:47:30.128,,,,,,,,,,,,,,,,,,,,,,-2.34375,,,,,,,,,,,,21.5432279,39.2061802,
18:47:30.146,,,,,,,,,,,,,,,,,,,,,,,,,,,,-3.90625,,,,,,21.5432279,39.2061802,
18:47:30.156,,,,,,,,,,,,,,,,,,,,,,,0.78125,,,,,,,,,,,21.5432279,39.2061802,
18:47:30.177,,,,-0.21,,,,,,,,,,,,,,,,,79,,,,,,,,,,,,,21.5432279,39.2061802,
18:47:30.200,,,,,,,,,,,,,1118,1.1,,,,,,,,,,,,,,,,,,,,21.5432279,39.2061802,
18:47:30.228,,32.50516087380063,,,,,,0.06989009672222223,0.143817,1.4230090000000002,0.143817,,,,,,,,,,,,,,,,,,,,,0.0229851179391656,34,21.5432279,39.2061802,
18:47:30.280,,,,,,,,,,,,,,,,,,,,,,,,,,,,,,,31,,,21.5432279,39.2061802,
18:47:30.306,,,,,,,,,,,,,,,,,,,,60,,,,,,,,,,,,,,21.5432279,39.2061802,
18:47:30.334,,,,,,,,,,,,,,,,1,,,,,,,,,,,,,,10.196078431372548,,,,21.5432279,39.2061802,
18:47:30.368,,,,,,,,,,,,,,,,,,,,,,,,,0.725,,,,,,,,,21.5432279,39.2061802,
18:47:30.437,,,,,64.31372549019608,,,,,,,,,,,,,,,,,,,,,,,,,,,,,21.5432279,39.2061802,
18:47:30.459,,,,,,,,,,,,88,,,,,,,,,,,,,,,,,,,,,,21.5432279,39.2061802,
18:47:30.483,,,,,,,,,,,,,,,,,,,,,,,,,,,-6.25,,,,,,,21.5432279,39.2061802,
18:47:30.493,21.0804443359375,,20.7572495201831,,,,,,,,,,,,,,,,,,,,,,,,,,34.0560001373291,,,,,21.5432279,39.2061802,
18:47:30.494,21.3958740234375,,20.757318106967208,,,,,,,,,,,,,,,,,,,,,,,,,,34.0560001373291,,,,,21.5433105,39.2061628,
18:47:30.496,,,,,,,,,,,,,,,,,,,,,,-1.5625,,,,,,,,,,,,21.5433105,39.2061628,
18:47:30.506,,,,,,,,,,,,,,,,,,,,,,,,,,,,-4.6875,,,,,,21.5433105,39.2061628,
18:47:30.517,,,,,,,,,,,,,,,,,,,,,,,0.78125,,,,,,,,,,,21.5433105,39.2061628,
18:47:30.536,,,,-0.27,,,,,,,,,,,,,,,,,73,,,,,,,,,,,,,21.5433105,39.2061628,
18:47:30.556,,,,,,,,,,,,,1118,1.1,,,,,,,,,,,,,,,,,,,,21.5433105,39.2061628,
18:47:30.584,,32.571484103548066,,,,,,0.07328418261111111,0.147211,1.426403,0.147211,,,,,,,,,,,,,,,,,,,,,0.02136036183198784,34,21.5433105,39.2061628,
18:47:30.617,,,,,,,,,,,,,,,,,,,,,,,,,,,,,,,32.5,,,21.5433105,39.2061628,
18:47:30.646,,,,,,,,,,,,,,,,,,,,60,,,,,,,,,,,,,,21.5433105,39.2061628,
18:47:30.673,,,,,,,,,,,,,,,,1,,,,,,,,,,,,,,13.333333333333334,,,,21.5433105,39.2061628,
18:47:30.706,,,,,,,,,,,,,,,,,,,,,,,,,0.725,,,,,,,,,21.5433105,39.2061628,
18:47:30.771,,,,,62.35294117647059,,,,,,,,,,,,,,,,,,,,,,,,,,,,,21.5433105,39.2061628,
18:47:30.786,,,,,,,,,,,,,,,,,,,,,,,,,,,-5.46875,,,,,,,21.5433105,39.2061628,
18:47:30.796,,,,,,,,,,,,,,,,,,,,,,-1.5625,,,,,,,,,,,,21.5433105,39.2061628,
18:47:30.806,,,,,,,,,,,,,,,,,,,,,,,,,,,,-4.6875,,,,,,21.5433105,39.2061628,
18:47:30.816,,,,,,,,,,,,,,,,,,,,,,,0.78125,,,,,,,,,,,21.5433105,39.2061628,
18:47:30.827,,,,-0.26,,,,,,,,,,,,,,,,,74,,,,,,,,,,,,,21.5433105,39.2061628,
18:47:30.846,,,,,,,,,,,,,1126,1.1,,,,,,,,,,,,,,,,,,,,21.5433105,39.2061628,
18:47:30.855,,32.617111360310446,,,,,,0.07580817922222222,0.149735,1.428927,0.149735,,,,,,,,,,,,,,,,,,,,,0,34,21.5433105,39.2061628,
18:47:30.895,,,,,,,,,,,,,,,,,,,,,,,,,,,,,,,33,,,21.5433105,39.2061628,
18:47:30.916,,,,,,,,,,,,,,,,,,,,60,,,,,,,,,,,,,,21.5433105,39.2061628,
18:47:30.937,,,,,,,,,,,,,,,,1,,,,,,,,,,,,,,13.333333333333334,,,,21.5433105,39.2061628,
18:47:30.966,,,,,,,,,,,,,,,,,,,,,,,,,0.725,,,,,,,,,21.5433105,39.2061628,
18:47:31.028,,,,,60.78431372549019,,,,,,,,,,,,,,,,,,,,,,,,,,,,,21.5433105,39.2061628,
18:47:31.071,,,,,,,,,,,,,1127,1.1,,,,,,,,,,,,,,,,,,,,21.5433105,39.2061628,
18:47:31.116,,32.65897416004542,,,,,,0.07827501711111111,0.152202,1.431394,0.152202,,,,,,,,,,,,,,,,,,,,,0,34,21.5433105,39.2061628,
18:47:31.165,,,,,,,,,,,,,,,,,,,,,,,,,,,,,,,34,,,21.5433105,39.2061628,
18:47:31.206,,,,,,,,,,,,,,,,,,,,60,,,,,,,,,,,,,,21.5433105,39.2061628,
18:47:31.248,,,,,,,,,,,,,,,,1,,,,,,,,,,,,,,12.549019607843137,,,,21.5433105,39.2061628,
18:47:31.297,,,,,,,,,,,,,,,,,,,,,,,,,0.725,,,,,,,,,21.5433105,39.2061628,
18:47:31.521,,,,,,,,,,,,,,,,,,,,,,,,,,0.725,,,,,,,,21.5433105,39.2061628,
18:47:31.666,,,,,,,0,,,,,,,,,,,,,,,,,,,,,,,,,,,21.5433105,39.2061628,
18:47:31.706,,,,,,,,,,,,,,,,,,,5620,,,,,,,,,,,,,,,21.5433105,39.2061628,
18:47:31.747,,,,,,78.03921568627452,,,,,,,,,,,,,,,,,,,,,,,,,,,,21.5433105,39.2061628,
18:47:31.785,,,,,,,,,,,,,,,20.980392156862745,,58.03921568627451,29.019607843137255,,,,,,,,,,,,,,,,21.5433105,39.2061628,
18:47:31.795,,,,,,,,,,,,,1117,1.1,,,,,,,,,,,,,,,,,,,,21.5433105,39.2061628,
18:47:31.816,,32.75953346383119,,,,,,0.0848809895,0.158808,1.4380000000000002,0.158808,,,,,,,,,,,,,,,,,,,,,0,34,21.5433105,39.2061628,
18:47:31.836,,,,,,,,,,,,,,,,,,,,,,,,,,,,,,,37.5,,,21.5433105,39.2061628,
18:47:31.846,,,,,,,,,,,,,,,,,,,,60,,,,,,,,,,,,,,21.5433105,39.2061628,
18:47:31.876,,,,,,,,,,,,,,,,1,,,,,,,,,,,,,,9.411764705882353,,,,21.5433105,39.2061628,
18:47:31.896,,,,,,,,,,,,,,,,,,,,,,,,,0.725,,,,,,,,,21.5433105,39.2061628,
18:47:31.965,,,,,,,,,,,,,,,,,,,,,,,,,,0.725,,,,,,,,21.5433105,39.2061628,
18:47:32.116,,,,,,,0,,,,,,,,,,,,,,,,,,,,,,,,,,,21.5433105,39.2061628,
18:47:32.165,,,,,,,,,,,,,,,,,,,5580,,,,,,,,,,,,,,,21.5433105,39.2061628,
18:47:32.214,,,,,,78.03921568627452,,,,,,,,,,,,,,,,,,,,,,,,,,,,21.5433105,39.2061628,
18:47:32.255,,,,,,,,,,,,,,,24.705882352941174,,50.588235294117645,25.294117647058826,,,,,,,,,,,,,,,,21.5433105,39.2061628,
18:47:32.266,,,,,,,,,,,,,1113,1.1,,,,,,,,,,,,,,,,,,,,21.5433105,39.2061628,
18:47:32.306,,32.82148307864092,,,,,,0.0895117725,0.163439,1.442631,0.163439,,,,,,,,,,,,,,,,,,,,,0,34,21.5433105,39.2061628,
18:47:32.327,,,,,,,,,,,,,,,,,,,,,,,,,,,,,,,40,,,21.5433105,39.2061628,
18:47:32.336,,,,,,,,,,,,,,,,,,,,60,,,,,,,,,,,,,,21.5433105,39.2061628,
18:47:32.366,,,,,,,,,,,,,,,,1,,,,,,,,,,,,,,12.156862745098039,,,,21.5433105,39.2061628,
18:47:32.396,,,,,,,,,,,,,,,,,,,,,,,,,0.72,,,,,,,,,21.5433105,39.2061628,
18:47:32.437,,,,,,,,,,,,,,,,,,,,,,,,,,0.725,,,,,,,,21.5433105,39.2061628,
18:47:32.527,,,,,,,0,,,,,,,,,,,,,,,,,,,,,,,,,,,21.5433105,39.2061628,
18:47:32.546,,,,,,,,,,,,,,,,,,,5580,,,,,,,,,,,,,,,21.5433105,39.2061628,
18:47:32.575,,,,,,76.07843137254902,,,,,,,,,,,,,,,,,,,,,,,,,,,,21.5433105,39.2061628,
18:47:32.595,,,,,,,,,,,,,,,22.352941176470587,,55.294117647058826,27.647058823529413,,,,,,,,,,,,,,,,21.5433105,39.2061628,
18:47:32.627,,,,,,,,,,,,,1113,1.1,,,,,,,,,,,,,,,,,,,,21.5433105,39.2061628,
18:47:32.655,,32.8620345939907,,,,,,0.09281606816666667,0.166743,1.4459350000000002,0.166743,,,,,,,,,,,,,,,,,,,,,0,34,21.5433105,39.2061628,
18:47:32.677,,,,,,,,,,,,,,,,,,,,,,,,,,,,,,,35,,,21.5433105,39.2061628,
18:47:32.686,,,,,,,,,,,,,,,,,,,,59,,,,,,,,,,,,,,21.5433105,39.2061628,
18:47:32.695,,,,,,,,,,,,,,,,1,,,,,,,,,,,,,,12.156862745098039,,,,21.5433105,39.2061628,
18:47:32.727,,,,,,,,,,,,,,,,,,,,,,,,,0.72,,,,,,,,,21.5433105,39.2061628,
18:47:32.776,,,,,,,,,,,,,,,,,,,,,,,,,,0.725,,,,,,,,21.5433105,39.2061628,
18:47:36.459,21.3958740234375,,21.25950620332039,,,,,,,,,,,,,,,,,,,,,,,,,,33.300000000000004,,,,,21.5433105,39.2061628,
18:47:36.459,21.96343994140625,,21.25951496396061,,,,,,,,,,,,,,,,,,,,,,,,,,33.300000000000004,,,,,21.5438083,39.2060501,
18:47:42.720,21.96343994140625,,22.087786554900628,,,,,,,,,,,,,,,,,,,,,,,,,,41.79599876403809,,,,,21.5438083,39.2060501,
18:47:42.721,21.184814453125,,22.087798462746736,,,,,,,,,,,,,,,,,,,,,,,,,,41.79599876403809,,,,,21.5443488,39.2059531,
18:47:47.470,21.184814453125,,22.740213531541922,,,,,,,,,,,,,,,,,,,,,,,,,,44.06399917602539,,,,,21.5443488,39.2059531,
18:47:47.471,22.87445068359375,,22.740230271271848,,,,,,,,,,,,,,,,,,,,,,,,,,44.06399917602539,,,,,21.5448961,39.2058304,
18:47:52.493,22.87445068359375,,23.131730641550522,,,,,,,,,,,,,,,,,,,,,,,,,,35.60400123596192,,,,,21.5448961,39.2058304,
18:47:52.493,27.09405517578125,,23.13173918984662,,,,,,,,,,,,,,,,,,,,,,,,,,35.60400123596192,,,,,21.5453852,39.2057209,
18:47:53.454,27.09405517578125,,23.196062540836458,,,,,,,,,,,,,,,,,,,,,,,,,,34.236000823974614,,,,,21.5453852,39.2057209,
18:47:53.454,27.97589111328125,,23.19606883308576,,,,,,,,,,,,,,,,,,,,,,,,,,34.236000823974614,,,,,21.5454684,39.2057026,
18:47:57.480,27.97589111328125,,23.51378344747747,,,,,,,,,,,,,,,,,,,,,,,,,,36.61200027465821,,,,,21.5454684,39.2057026,
18:47:57.480,29.4285888671875,,23.51379176076553,,,,,,,,,,,,,,,,,,,,,,,,,,36.61200027465821,,,,,21.5458124,39.2056345,
18:47:59.464,29.4285888671875,,23.690207809977153,,,,,,,,,,,,,,,,,,,,,,,,,,38.80799903869629,,,,,21.5458124,39.2056345,
18:47:59.464,29.09930419921875,,23.690215905563736,,,,,,,,,,,,,,,,,,,,,,,,,,38.80799903869629,,,,,21.5460031,39.2055908,
