reading_id,session_date,phone_clock,graph_clock,capture_type,channel_graph_header,channel_list_label,paired_with,gear,load,thermal,coolant_c,ac,rpm_at_capture,value,value_min,value_max,span,units,reading_method,admissible,epoch,notes,source
PART3-0001,2026-09-04,10:26-10:33,unknown,value_read,unknown,Vehicle Battery Voltage,unknown,unknown,idle,warm,unknown,unknown,unknown,13.8,unknown,unknown,unknown,V,value_read,yes,pre_purge_valve,"BCM reading; assistant read it as Ford smart charging, not a failed alternator",[183];[186]
PART3-0002,2026-09-04,10:26-10:33,unknown,value_read,unknown,Vehicle Battery Current,unknown,unknown,idle,warm,unknown,unknown,unknown,1,unknown,unknown,unknown,A,value_read,yes,pre_purge_valve,1 A going into a battery at 88 percent SoC,[183];[186]
PART3-0003,2026-09-04,10:26-10:33,unknown,value_read,unknown,Battery SoC,unknown,unknown,idle,warm,unknown,unknown,unknown,88,unknown,unknown,unknown,%,value_read,yes,pre_purge_valve,unknown,[183];[186]
PART3-0004,2026-09-04,10:31,unknown,value_read,unknown,Short term fuel % trim - Bank 1,PART3-0005,unknown,idle,warm,unknown,unknown,unknown,0.78,unknown,unknown,unknown,%,value_read,yes,pre_purge_valve,First of two screens taken seconds apart at 10:31; assistant later noted this session cannot be compared with the 12:48-12:51 graph session,[183];[186]
PART3-0005,2026-09-04,10:31,unknown,value_read,unknown,Short term fuel % trim - Bank 2,PART3-0004,unknown,idle,warm,unknown,unknown,unknown,0,unknown,unknown,unknown,%,value_read,yes,pre_purge_valve,First of two screens taken seconds apart at 10:31,[183];[186]
PART3-0006,2026-09-04,10:31,unknown,value_read,unknown,Short term fuel % trim - Bank 1,unknown,unknown,idle,warm,unknown,unknown,unknown,3.13,unknown,unknown,unknown,%,value_read,yes,pre_purge_valve,Second screen seconds later; assistant used this to walk back the claimed bank offset,[183];[186]
PART3-0007,2026-09-04,10:26-10:33,unknown,value_read,unknown,Catalyst temperature Bank 1 Sensor 1,PART3-0008,unknown,idle,warm,unknown,unknown,unknown,458.9,unknown,unknown,unknown,degC,value_read,yes,pre_purge_valve,Identical to bank 2,[183];[187]
PART3-0008,2026-09-04,10:26-10:33,unknown,value_read,unknown,Catalyst temperature Bank 2 Sensor 1,PART3-0007,unknown,idle,warm,unknown,unknown,unknown,458.9,unknown,unknown,unknown,degC,value_read,yes,pre_purge_valve,Identical to bank 1,[183];[187]
PART3-0009,2026-09-04,10:26-10:33,unknown,value_read,unknown,Knock retard,unknown,unknown,idle,warm,unknown,unknown,unknown,0,unknown,unknown,unknown,deg,value_read,yes,pre_purge_valve,No knock; assistant removed it from the graphing list,[183];[187]
PART3-0010,2026-09-04,10:26-10:33,unknown,value_read,unknown,Barometric pressure,unknown,unknown,idle,warm,unknown,unknown,unknown,blank,unknown,unknown,unknown,kPa,value_read,no,pre_purge_valve,Channel returns blank on this vehicle - not supported,[183];[187];[190]
PART3-0011,2026-09-04,10:26-10:33,unknown,value_read,unknown,Manifold absolute pressure (high resolution),unknown,unknown,idle,warm,unknown,unknown,unknown,blank,unknown,unknown,unknown,kPa,value_read,no,pre_purge_valve,Channel returns blank on this vehicle - not supported,[183];[187];[190]
PART3-0012,2026-09-04,10:26-10:33,unknown,value_read,unknown,Absolute pedal position D,PART3-0013,unknown,idle,warm,unknown,unknown,unknown,14.9,unknown,unknown,unknown,%,value_read,yes,pre_purge_valve,Foot off the pedal - normal resting value,[183];[187]
PART3-0013,2026-09-04,10:26-10:33,unknown,value_read,unknown,Absolute pedal position E,PART3-0012,unknown,idle,warm,unknown,unknown,unknown,7.45,unknown,unknown,unknown,%,value_read,yes,pre_purge_valve,Foot off the pedal - normal resting value,[183];[187]
PART3-0014,2026-09-04,10:26-10:33,unknown,value_read,unknown,PCM Odometer,unknown,unknown,idle,warm,unknown,unknown,unknown,131313,unknown,unknown,unknown,km,value_read,yes,pre_purge_valve,Matches the dash,[183];[187]
PART3-0015,2026-09-04,10:26-10:33,unknown,value_read,unknown,ATF temperature,unknown,unknown,idle,warm,unknown,unknown,unknown,87.13,unknown,unknown,unknown,degC,value_read,yes,pre_purge_valve,Transmission fluid normal,[183]
PART3-0016,2026-09-04,10:26-10:33,unknown,value_read,unknown,Ambient air temperature,PART3-0017,unknown,idle,warm,unknown,unknown,unknown,37,unknown,unknown,unknown,degC,value_read,yes,pre_purge_valve,Only 1 degree apart from intake air after 37 min idling - no heat soak,[183]
PART3-0017,2026-09-04,10:26-10:33,unknown,value_read,unknown,Intake air temperature,PART3-0016,unknown,idle,warm,unknown,unknown,unknown,38,unknown,unknown,unknown,degC,value_read,yes,pre_purge_valve,Only 1 degree above ambient after 37 min idling,[183]
PART3-0018,2026-09-04,10:26-10:33,unknown,value_read,unknown,Gear (AT),unknown,unknown,idle,warm,unknown,unknown,unknown,1,unknown,unknown,unknown,gear,value_read,yes,pre_purge_valve,Assistant notes 1 is normal even in Park on this transmission; asked the owner to confirm Park and received no answer,[187]
PART3-0019,2026-09-04,10:26-10:33,unknown,monitor_status,unknown,Monitor status since DTCs cleared. - Misfire,unknown,unknown,idle,warm,unknown,unknown,unknown,Completed,unknown,unknown,unknown,status,value_read,yes,pre_purge_valve,unknown,[183];[187]
PART3-0020,2026-09-04,10:26-10:33,unknown,monitor_status,unknown,Monitor status since DTCs cleared. - Fuel System,unknown,unknown,idle,warm,unknown,unknown,unknown,Not completed,unknown,unknown,unknown,status,value_read,yes,pre_purge_valve,Blocks the on-board test results screen,[183];[187]
PART3-0021,2026-09-04,10:26-10:33,unknown,monitor_status,unknown,Monitor status since DTCs cleared. - Catalyst,unknown,unknown,idle,warm,unknown,unknown,unknown,Not completed,unknown,unknown,unknown,status,value_read,yes,pre_purge_valve,Has not run since the codes were cleared,[183];[187]
PART3-0022,2026-09-04,10:26-10:33,unknown,monitor_status,unknown,Monitor status since DTCs cleared. - Oxygen Sensor,unknown,unknown,idle,warm,unknown,unknown,unknown,Not completed,unknown,unknown,unknown,status,value_read,yes,pre_purge_valve,Has not run since the codes were cleared,[183];[187]
PART3-0023,2026-09-04,unknown,unknown,value_read,unknown,Throttle position,PART3-0024,unknown,idle,warm,unknown,unknown,unknown,12.55,unknown,unknown,unknown,%,value_read,yes,pre_purge_valve,Different scale from Throttle Position Actually; assistant recorded not to compare the two,[190]
PART3-0024,2026-09-04,unknown,unknown,value_read,unknown,Throttle Position Actually,PART3-0023,unknown,idle,warm,unknown,unknown,unknown,7.56,unknown,unknown,unknown,deg,value_read,yes,pre_purge_valve,Same butterfly as Throttle position but a different scale,[190]
PART3-0025,2026-09-04,unknown,unknown,value_read,unknown,Evap. system vapor pressure,unknown,unknown,idle,warm,unknown,unknown,unknown,blank,unknown,unknown,unknown,unknown,value_read,no,pre_purge_valve,Comes back empty on this truck - do not request again,[190]
PART3-0026,2026-09-04,unknown,unknown,value_read,unknown,Oxygen sensor 1 Wide Range Current (mA),unknown,unknown,idle,warm,unknown,unknown,unknown,blank,unknown,unknown,unknown,mA,value_read,no,pre_purge_valve,Comes back empty on this truck,[190]
PART3-0027,2026-09-04,unknown,unknown,value_read,unknown,Oil Life %,unknown,unknown,idle,warm,unknown,unknown,unknown,blank,unknown,unknown,unknown,%,value_read,no,pre_purge_valve,Comes back empty on this truck,[190]
PART3-0028,2026-09-04,unknown,unknown,value_read,unknown,(ABS) Front left wheel speed,unknown,unknown,idle,warm,unknown,unknown,unknown,blank,unknown,unknown,unknown,km/h,value_read,no,pre_purge_valve,Comes back empty on this truck,[190]
PART3-0029,2026-09-04,unknown,unknown,value_read,unknown,(ABS) Front right wheel speed,unknown,unknown,idle,warm,unknown,unknown,unknown,blank,unknown,unknown,unknown,km/h,value_read,no,pre_purge_valve,Comes back empty on this truck,[190]
PART3-0030,2026-09-04,10:26-10:33,unknown,value_read,unknown,Run time since engine start,unknown,unknown,idle,warm,unknown,unknown,unknown,37,unknown,unknown,unknown,min,value_read,yes,pre_purge_valve,"Stated as ""after 37 min idling"" - approximate, not read off the PID directly",[183]
PART3-0031,2026-09-04,01:00,unknown,value_read,unknown,Run time since engine start,unknown,unknown,idle,warm,unknown,unknown,unknown,3:06:10,unknown,unknown,unknown,h:mm:ss,value_read,yes,pre_purge_valve,Three hours of run time - the basis for calling the long term trims properly learned,[192]
PART3-0032,2026-09-04,01:00,unknown,value_read,LTFT - B1,Long term fuel % trim - Bank 1,PART3-0033,unknown,idle,warm,unknown,unknown,unknown,3.13,unknown,unknown,unknown,%,value_read,yes,pre_purge_valve,First genuinely learned long term value; had read 0 all night before this,[194]
PART3-0033,2026-09-04,01:00,unknown,value_read,LTFT - B2,Long term fuel % trim - Bank 2,PART3-0032,unknown,idle,warm,unknown,unknown,unknown,2.34,unknown,unknown,unknown,%,value_read,yes,pre_purge_valve,Differs from bank 1 by 0.79 percent - one quantisation step - which killed the bank-asymmetry theory,[194]
PART3-0034,2026-09-04,01:00,unknown,value_read,unknown,Oxygen sensor 2 Bank 1 Voltage,PART3-0035,unknown,idle,warm,unknown,unknown,unknown,0.79,unknown,unknown,unknown,V,value_read,yes,pre_purge_valve,Downstream sensor snapshot,[194]
PART3-0035,2026-09-04,01:00,unknown,value_read,unknown,Oxygen sensor 2 Bank 2 Voltage,PART3-0034,unknown,idle,warm,unknown,unknown,unknown,unknown,0.67,0.79,0.12,V,value_read,yes,pre_purge_valve,Moved 0.67 to 0.79 between two screens - ranges overlap bank 1 so the downstream asymmetry is weak,[194]
PART3-0036,2026-09-04,01:00,unknown,value_read,unknown,Vehicle Battery Voltage,unknown,unknown,idle,warm,unknown,unknown,unknown,12.8,unknown,unknown,unknown,V,value_read,yes,pre_purge_valve,unknown,[194]
PART3-0037,2026-09-04,01:00,unknown,value_read,unknown,Vehicle Battery Current,unknown,unknown,idle,warm,unknown,unknown,unknown,0,unknown,unknown,unknown,A,value_read,yes,pre_purge_valve,Charging stopped after SoC rose 88 to 90 percent,[194]
PART3-0038,2026-09-04,01:00,unknown,value_read,unknown,Battery SoC,unknown,unknown,idle,warm,unknown,unknown,unknown,90,unknown,unknown,unknown,%,value_read,yes,pre_purge_valve,Rose from 88 percent - proves the alternator charges,[194]
PART3-0039,2026-09-04,01:00,unknown,value_read,STFT B1,Short term fuel % trim - Bank 1,PART3-0032,unknown,idle,warm,unknown,unknown,unknown,0,unknown,unknown,unknown,%,value_read,yes,pre_purge_valve,Quoted in the trim trade-off table,[196]
PART3-0040,2026-09-04,01:00,unknown,calculation,unknown,Total fuel correction Bank 1 (STFT + LTFT),unknown,unknown,idle,warm,unknown,unknown,unknown,3.1,unknown,unknown,unknown,%,inferred,yes,pre_purge_valve,Sum of LTFT +3.13 and STFT 0,[196]
PART3-0041,2026-09-04,01:13,unknown,graph_paired,LTFT - B2,Long term fuel % trim - Bank 2,PART3-0042,unknown,idle,warm,unknown,unknown,unknown,2.34,2.34,2.34,0,%,curve_read,yes,pre_purge_valve,Flat line across 70 seconds with min = max = average identical,[196]
PART3-0042,2026-09-04,01:13,45:35-45:50,graph_paired,STFT B1,Short term fuel % trim - Bank 1,PART3-0041,unknown,idle,warm,unknown,unknown,unknown,0,-1.56,1.56,3.12,%,curve_read,yes,pre_purge_valve,Window centre about 0,[196]
PART3-0043,2026-09-04,01:13,45:55-46:12,graph_paired,STFT B1,Short term fuel % trim - Bank 1,PART3-0041,unknown,idle,warm,unknown,unknown,unknown,-1.3,unknown,unknown,unknown,%,curve_read,yes,pre_purge_valve,Window centre; part of a steady walk negative over 70 s,[196]
PART3-0044,2026-09-04,01:13,46:15-46:30,graph_paired,STFT B1,Short term fuel % trim - Bank 1,PART3-0041,unknown,idle,warm,unknown,unknown,unknown,-1.4,unknown,unknown,unknown,%,curve_read,yes,pre_purge_valve,Window centre,[196]
PART3-0045,2026-09-04,01:13,46:28-46:43,graph_paired,STFT B1,Short term fuel % trim - Bank 1,PART3-0041,unknown,idle,warm,unknown,unknown,unknown,-1.6,unknown,unknown,unknown,%,curve_read,yes,pre_purge_valve,Window centre; signature of long term learning taking over,[196]
PART3-0046,2026-09-04,01:13,unknown,calculation,LTFT - B1,Long term fuel % trim - Bank 1,PART3-0045,unknown,idle,warm,unknown,unknown,unknown,4.5,unknown,unknown,unknown,%,inferred,no,pre_purge_valve,NOT MEASURED - inferred by the assistant from STFT -1.4 and an unchanged total of +3.1,[196]
PART3-0047,2026-09-04,01:13,unknown,calculation,unknown,Total fuel correction Bank 1 (STFT + LTFT),unknown,unknown,idle,warm,unknown,unknown,unknown,3.1,unknown,unknown,unknown,%,inferred,no,pre_purge_valve,Derived from the inferred LTFT value above,[196]
PART3-0048,2026-09-04,unknown,50:57-51:17,graph_paired,LTFT - B2,Long term fuel % trim - Bank 2,PART3-0050,P,idle,warm,unknown,unknown,unknown,2.34,unknown,unknown,unknown,%,curve_read,yes,pre_purge_valve,Idle segment before the throttle was opened,[198];[199]
PART3-0049,2026-09-04,unknown,51:17,graph_paired,LTFT - B2,Long term fuel % trim - Bank 2,PART3-0050,P,shift,warm,unknown,unknown,unknown,unknown,0,2.34,2.34,%,curve_read,yes,pre_purge_valve,"Stepped 2.34 to 0.78 to 0 the instant the throttle opened - a load-cell switch, not a re-learn",[199]
PART3-0050,2026-09-04,unknown,51:17,graph_paired,STFT B1,Short term fuel % trim - Bank 1,PART3-0049,P,shift,warm,unknown,unknown,unknown,9.38,unknown,unknown,unknown,%,curve_read,yes,pre_purge_valve,Tip-in enrichment spike at the moment the throttle opened,[199]
PART3-0051,2026-09-04,unknown,51:17-53:45,graph_paired,LTFT - B2,Long term fuel % trim - Bank 2,PART3-0050,P,2000rpm,warm,unknown,unknown,2000,0.00,0.00,0.00,0,%,curve_read,yes,pre_purge_valve,Dead flat for 2 min 28 s while holding about 2000 rpm; assistant flagged it may be an un-learned cell rather than a learned zero,[199];[200]
PART3-0052,2026-09-04,unknown,53:45,graph_paired,LTFT - B2,Long term fuel % trim - Bank 2,PART3-0053,P,shift,warm,unknown,unknown,unknown,unknown,0,2.34,2.34,%,curve_read,yes,pre_purge_valve,Returned 0 to 0.78 to exactly 2.34 the instant the throttle closed,[199]
PART3-0053,2026-09-04,unknown,53:45,graph_paired,STFT B1,Short term fuel % trim - Bank 1,PART3-0052,P,overrun,warm,unknown,unknown,unknown,-11.72,unknown,unknown,unknown,%,curve_read,no,pre_purge_valve,Overrun crash; assistant declined to interpret this channel - wrong pairing (B1 short term against B2 long term) and rpm was unrecorded,[199];[200]
PART3-0054,2026-09-04,unknown,unknown,graph_paired,LTFT - B1,Long term fuel % trim - Bank 1,PART3-0055,P,idle,warm,98,unknown,unknown,3.13,unknown,unknown,unknown,%,curve_read,yes,pre_purge_valve,Idle before the 2000 rpm hold,[201];[202]
PART3-0055,2026-09-04,unknown,unknown,graph_paired,LTFT - B2,Long term fuel % trim - Bank 2,PART3-0054,P,idle,warm,98,unknown,unknown,2.34,unknown,unknown,unknown,%,curve_read,yes,pre_purge_valve,Idle before the 2000 rpm hold,[201];[202]
PART3-0056,2026-09-04,unknown,unknown,graph_paired,LTFT - B1,Long term fuel % trim - Bank 1,PART3-0057,P,2000rpm,warm,98,unknown,2000,0,unknown,unknown,unknown,%,curve_read,yes,pre_purge_valve,Held about 2000 rpm for 2 min 7 s,[201];[202]
PART3-0057,2026-09-04,unknown,unknown,graph_paired,LTFT - B2,Long term fuel % trim - Bank 2,PART3-0056,P,2000rpm,warm,98,unknown,2000,0,unknown,unknown,unknown,%,curve_read,yes,pre_purge_valve,Held about 2000 rpm for 2 min 7 s,[201];[202]
PART3-0058,2026-09-04,unknown,unknown,graph_paired,LTFT - B1,Long term fuel % trim - Bank 1,PART3-0059,P,idle,warm,98,unknown,unknown,3.12,3.12,3.12,0,%,curve_read,yes,pre_purge_valve,Idle after the hold; min = avg = max. Assistant quoted this as both 3.13 and 3.12 in the same message,[201];[202]
PART3-0059,2026-09-04,unknown,unknown,graph_paired,LTFT - B2,Long term fuel % trim - Bank 2,PART3-0058,P,idle,warm,98,unknown,unknown,2.34,2.34,2.34,0,%,curve_read,yes,pre_purge_valve,Idle after the hold; min = avg = max; returned to exactly the pre-hold value,[201];[202]
PART3-0060,2026-09-04,unknown,unknown,graph_paired,LTFT - B1,Long term fuel % trim - Bank 1,PART3-0056,P,2000rpm,warm,98,unknown,unknown,0.78,unknown,unknown,unknown,%,curve_read,yes,pre_purge_valve,Kept flicking up to 0.78 and back during the hold as rpm wandered into a neighbouring load cell - the evidence for a gradient rather than a step,[202]
PART3-0061,2026-09-04,unknown,unknown,graph_paired,LTFT - B2,Long term fuel % trim - Bank 2,PART3-0057,P,2000rpm,warm,98,unknown,unknown,0.78,unknown,unknown,unknown,%,curve_read,yes,pre_purge_valve,Same flicking to 0.78 as bank 1 but less often,[202]
PART3-0062,2026-09-04,unknown,unknown,value_read,unknown,Engine coolant temperature,unknown,P,2000rpm,warm,98,unknown,2000,98,unknown,unknown,unknown,degC,value_read,yes,pre_purge_valve,Cited as the reason the cooling fan was cycling and loading the engine during the hold,[202]
PART3-0063,2026-09-05,unknown,unknown,graph_paired,LTFT - B1,Long term fuel % trim - Bank 1,PART3-0065,P,idle,warm,unknown,unknown,unknown,0,0,0,0,%,curve_read,no,post_purge_valve_pre_drive,"Flat min = avg = max, but this is a WIPED default not a learned zero - the KAM was cleared with the valve change",[212];[213];[217]
PART3-0064,2026-09-05,unknown,unknown,graph_paired,LTFT - B2,Long term fuel % trim - Bank 2,PART3-0066,P,idle,warm,unknown,unknown,unknown,0,0,0,0,%,curve_read,no,post_purge_valve_pre_drive,Wiped default not a learned zero,[212];[213];[217]
PART3-0065,2026-09-05,unknown,unknown,graph_paired,STFT B1,Short term fuel % trim - Bank 1,PART3-0063,P,idle,warm,unknown,unknown,unknown,-1.5,-2.0,-1.5,0.5,%,curve_read,yes,post_purge_valve_pre_drive,Read from the curve not the Avg line; assistant quoted -1.5 to -2.0 and used -1.5 as the representative figure,[213];[215]
PART3-0066,2026-09-05,unknown,unknown,graph_paired,STFT B2,Short term fuel % trim - Bank 2,PART3-0064,P,idle,warm,unknown,unknown,unknown,-1.3,-1.8,-0.8,1.0,%,curve_read,yes,post_purge_valve_pre_drive,Read from the curve not the Avg line,[213];[215]
PART3-0067,2026-09-05,unknown,unknown,calculation,unknown,Total fuel correction Bank 1 (STFT + LTFT),unknown,P,idle,warm,unknown,unknown,unknown,-1.8,unknown,unknown,unknown,%,inferred,yes,post_purge_valve_pre_drive,Swing of about 4.6 points from the pre-valve +3.1,[213];[217]
PART3-0068,2026-09-05,unknown,unknown,calculation,unknown,Total fuel correction Bank 2 (STFT + LTFT),unknown,P,idle,warm,unknown,unknown,unknown,-1.3,unknown,unknown,unknown,%,inferred,yes,post_purge_valve_pre_drive,Swing of about 3.6 points from the pre-valve +2.3,[213]
PART3-0069,2026-09-05,unknown,unknown,graph_paired,STFT B1,Short term fuel % trim - Bank 1,PART3-0071,D,idle,warm,unknown,unknown,unknown,0.3,unknown,unknown,unknown,%,curve_read,yes,post_purge_valve_pre_drive,Drive at standstill foot on brake; about 1.8 points different from Park,[214];[215]
PART3-0070,2026-09-05,unknown,unknown,graph_paired,STFT B2,Short term fuel % trim - Bank 2,PART3-0072,D,idle,warm,unknown,unknown,unknown,0.4,unknown,unknown,unknown,%,curve_read,yes,post_purge_valve_pre_drive,Drive at standstill foot on brake,[214];[215]
PART3-0071,2026-09-05,unknown,unknown,graph_paired,LTFT - B1,Long term fuel % trim - Bank 1,PART3-0069,D,idle,warm,unknown,unknown,unknown,0,unknown,unknown,unknown,%,curve_read,no,post_purge_valve_pre_drive,Wiped default,[214];[215]
PART3-0072,2026-09-05,unknown,unknown,graph_paired,LTFT - B2,Long term fuel % trim - Bank 2,PART3-0070,D,idle,warm,unknown,unknown,unknown,0,unknown,unknown,unknown,%,curve_read,no,post_purge_valve_pre_drive,Wiped default,[214];[215]
PART3-0073,2026-09-05,unknown,14:08-14:23,graph_paired,Engine RPM,Engine RPM,PART3-0074,D,idle,warm,unknown,unknown,unknown,unknown,543,558,15,rpm,curve_read,yes,post_purge_valve_pre_drive,Drive at standstill; no clear rhythm in the trace,[219];[220]
PART3-0074,2026-09-05,unknown,14:08-14:23,graph_paired,Tim. adv.,Timing advance,PART3-0073,D,idle,warm,unknown,unknown,unknown,unknown,12,15,3,deg,curve_read,yes,post_purge_valve_pre_drive,Mostly 12.5-14,[219];[220]
PART3-0075,2026-09-05,unknown,14:28-14:43,graph_paired,Engine RPM,Engine RPM,PART3-0076,D,idle,warm,unknown,unknown,unknown,unknown,543,556,13,rpm,curve_read,yes,post_purge_valve_pre_drive,unknown,[219];[220]
PART3-0076,2026-09-05,unknown,14:28-14:43,graph_paired,Tim. adv.,Timing advance,PART3-0075,D,idle,warm,unknown,unknown,unknown,unknown,12,14,2,deg,curve_read,yes,post_purge_valve_pre_drive,Mostly 12.5-13.5,[219];[220]
PART3-0077,2026-09-05,unknown,14:43-14:58,graph_paired,Engine RPM,Engine RPM,PART3-0078,D,idle,warm,unknown,unknown,unknown,unknown,541,559,18,rpm,curve_read,yes,post_purge_valve_pre_drive,unknown,[219];[220]
PART3-0078,2026-09-05,unknown,14:43-14:58,graph_paired,Tim. adv.,Timing advance,PART3-0077,D,idle,warm,unknown,unknown,unknown,unknown,11,14.5,3.5,deg,curve_read,yes,post_purge_valve_pre_drive,unknown,[219];[220]
PART3-0079,2026-09-05,unknown,14:57-15:12,graph_paired,Engine RPM,Engine RPM,PART3-0080,D,idle,warm,unknown,unknown,unknown,584,unknown,584,unknown,rpm,curve_read,yes,post_purge_valve_pre_drive,A single transient at graph clock 15:03 - something loaded the engine,[219];[220]
PART3-0080,2026-09-05,unknown,14:57-15:12,graph_paired,Tim. adv.,Timing advance,PART3-0079,D,idle,warm,unknown,unknown,584,8.5,8.5,13,4.5,deg,curve_read,yes,post_purge_valve_pre_drive,Timing pulled from 13 down to 8.5 to catch the transient - textbook governor action,[219];[220]
PART3-0081,2026-09-05,unknown,unknown,graph_paired,Engine RPM,Engine RPM,unknown,D,idle,warm,unknown,unknown,unknown,550,unknown,unknown,unknown,rpm,curve_read,yes,post_purge_valve_pre_drive,Idle speed in Drive - Ford commands a lower idle in gear,[220]
PART3-0082,2026-09-05,03:23,unknown,graph_paired,Engine RPM,Engine RPM,PART3-0087,P,idle,warm,unknown,unknown,650,unknown,unknown,unknown,44,rpm,curve_read,yes,post_purge_valve_pre_drive,Window 1 of 4; clean regular repeating shape,[221];[222];[257]
PART3-0083,2026-09-05,03:23,unknown,graph_paired,Engine RPM,Engine RPM,PART3-0087,P,idle,warm,unknown,unknown,650,unknown,unknown,unknown,55,rpm,curve_read,yes,post_purge_valve_pre_drive,Window 2 of 4,[221];[222];[257]
PART3-0084,2026-09-05,03:23,unknown,graph_paired,Engine RPM,Engine RPM,PART3-0087,P,idle,warm,unknown,unknown,650,unknown,unknown,unknown,53,rpm,curve_read,yes,post_purge_valve_pre_drive,Window 3 of 4,[221];[222];[257]
PART3-0085,2026-09-05,03:23,16:03-16:18,graph_paired,Engine RPM,Engine RPM,PART3-0087,P,idle,warm,unknown,unknown,650,unknown,unknown,unknown,50,rpm,curve_read,yes,post_purge_valve_pre_drive,"Window 4; four evenly spaced humps with peaks at graph clock 16:07.5, 16:11, 16:14.5, 16:18",[221];[222]
PART3-0086,2026-09-05,03:23,unknown,graph_paired,Engine RPM,Engine RPM,unknown,P,idle,warm,unknown,unknown,unknown,650,unknown,unknown,unknown,rpm,curve_read,yes,post_purge_valve_pre_drive,Idle speed in Park,[222]
PART3-0087,2026-09-05,03:23,unknown,graph_paired,Tim. adv.,Timing advance,PART3-0082,P,idle,warm,unknown,unknown,650,unknown,11.5,16,4.5,deg,curve_read,yes,post_purge_valve_pre_drive,Roughly twice the swing seen in Drive,[221];[222]
PART3-0088,2026-09-05,03:23,16:03-16:18,graph_paired,Engine RPM,Engine RPM,PART3-0087,P,idle,warm,unknown,unknown,650,3.4,3.4,3.5,0.1,s,curve_read,yes,post_purge_valve_pre_drive,"Period of the idle hunt - 4 cycles per 15 s screen, same as measured on the first night",[222]
PART3-0089,2026-09-05,unknown,8:36-8:54,graph_paired,Engine RPM,Engine RPM,PART3-0090,driving,coast,warm,unknown,unknown,unknown,unknown,1783,1859,76,rpm,curve_read,yes,post_drive,"Still on throttle before the lift; captured during the relearning drive, coasting 100 to 30 km/h",[232];[233]
PART3-0090,2026-09-05,unknown,8:36-8:54,graph_paired,O2S1 air:fuel,Oxygen sensor 1 Wide Range Equivalence ratio,PART3-0089,driving,coast,warm,unknown,unknown,unknown,unknown,13.5,15.8,2.3,AFR,curve_read,yes,post_drive,Oscillating in closed loop on throttle,[232];[233]
PART3-0091,2026-09-05,unknown,8:55,graph_paired,O2S1 air:fuel,Oxygen sensor 1 Wide Range Equivalence ratio,PART3-0089,driving,overrun,warm,unknown,unknown,unknown,29.38,unknown,unknown,unknown,AFR,curve_read,yes,post_drive,Vertical step to the top of the PID range the instant the throttle closed,[233]
PART3-0092,2026-09-05,unknown,8:58-9:13,graph_paired,Engine RPM,Engine RPM,PART3-0093,driving,overrun,warm,unknown,unknown,unknown,unknown,1238,1631,393,rpm,curve_read,yes,post_drive,Falling during the coast,[233]
PART3-0093,2026-09-05,unknown,8:58-9:13,graph_paired,O2S1 air:fuel,Oxygen sensor 1 Wide Range Equivalence ratio,PART3-0092,driving,overrun,warm,unknown,unknown,unknown,29.38,29.38,29.38,0,AFR,curve_read,yes,post_drive,Flat with min = avg = max - injectors fully sealed,[233]
PART3-0094,2026-09-05,unknown,9:15-9:31,graph_paired,Engine RPM,Engine RPM,PART3-0095,driving,overrun,warm,unknown,unknown,unknown,unknown,1053,1190,137,rpm,curve_read,yes,post_drive,unknown,[233]
PART3-0095,2026-09-05,unknown,9:15-9:31,graph_paired,O2S1 air:fuel,Oxygen sensor 1 Wide Range Equivalence ratio,PART3-0094,driving,overrun,warm,unknown,unknown,unknown,29.38,29.38,29.38,0,AFR,curve_read,yes,post_drive,Flat,[233]
PART3-0096,2026-09-05,unknown,9:25-9:41,graph_paired,Engine RPM,Engine RPM,PART3-0097,driving,overrun,warm,unknown,unknown,unknown,unknown,843,1203,360,rpm,curve_read,yes,post_drive,Fuel cut held all the way down to about 850 rpm,[233]
PART3-0097,2026-09-05,unknown,9:25-9:41,graph_paired,O2S1 air:fuel,Oxygen sensor 1 Wide Range Equivalence ratio,PART3-0096,driving,overrun,warm,unknown,unknown,unknown,29.38,29.38,29.38,0,AFR,curve_read,yes,post_drive,Flat,[233]
PART3-0098,2026-09-05,unknown,unknown,graph_paired,O2S1 air:fuel,Oxygen sensor 1 Wide Range Equivalence ratio,unknown,driving,coast,warm,unknown,unknown,unknown,unknown,13.49,29.38,15.89,AFR,curve_read,yes,post_drive,Full sweep quoted in the bank-comparison table; best O2 response test of the investigation,[238]
PART3-0099,2026-09-05,unknown,unknown,graph_paired,O2S5 air:fuel,Oxygen sensor 5 Wide Range Equivalence ratio,PART3-0100,driving,overrun,warm,unknown,unknown,unknown,29.38,29.38,29.38,0,AFR,curve_read,yes,post_drive,Pegged flat with min = avg = max across two full windows - bank 2 injectors sealed,[237];[238]
PART3-0100,2026-09-05,unknown,unknown,graph_paired,Engine RPM,Engine RPM,PART3-0099,driving,overrun,warm,unknown,unknown,unknown,unknown,1381,1772,391,rpm,curve_read,yes,post_drive,RPM range across the two bank 2 fuel-cut windows,[237];[238]
PART3-0101,2026-09-05,unknown,unknown,graph_paired,O2S5 air:fuel,Oxygen sensor 5 Wide Range Equivalence ratio,unknown,driving,WOT,warm,unknown,unknown,unknown,unknown,12.33,29.38,17.05,AFR,curve_read,yes,post_drive,Full sweep both directions - dipped to 12.33 under power enrichment,[238]
PART3-0102,2026-09-05,unknown,unknown,value_read,unknown,Commanded air fuel ratio at wide throttle,unknown,driving,WOT,warm,unknown,unknown,unknown,12.3,unknown,unknown,unknown,AFR,curve_read,yes,post_drive,"Stated as ""commanded 12.3:1 at wide throttle and got it"" - proves pump, regulator and injectors under load",[238]
PART3-0103,2026-09-05,unknown,unknown,graph_paired,Abs. load,Absolute load value,PART3-0105,driving,WOT,warm,unknown,unknown,unknown,96.47,91,96.47,unknown,%,curve_read,yes,post_drive,Peak 96.47 with 91-94 sustained through the pull; healthy target is 90-100,[240];[241]
PART3-0104,2026-09-05,unknown,unknown,graph_paired,MAF,MAF air flow rate,PART3-0105,driving,WOT,warm,unknown,unknown,unknown,215.27,10,215.27,205.27,g/s,curve_read,yes,post_drive,Rose smoothly and linearly from 10 to 215 g/s to the limiter with no plateau,[240];[241]
PART3-0105,2026-09-05,unknown,unknown,graph_paired,Engine RPM,Engine RPM,PART3-0103,driving,WOT,warm,unknown,unknown,unknown,6832,unknown,6832,unknown,rpm,curve_read,yes,post_drive,Clean pull to the rev limiter,[240];[241]
PART3-0106,2026-09-05,4:04,unknown,graph_paired,LTFT - B1,Long term fuel % trim - Bank 1,PART3-0107,unknown,unknown,warm,unknown,unknown,unknown,-1.56,-1.56,-1.56,0,%,curve_read,yes,post_drive,Flat min = avg = max. Operating condition NOT recorded - assistant asked whether it was cruise or idle and did not get an answer,[240];[241];[242]
PART3-0107,2026-09-05,4:04,unknown,graph_paired,LTFT - B2,Long term fuel % trim - Bank 2,PART3-0106,unknown,unknown,warm,unknown,unknown,unknown,-0.78,-0.78,-0.78,0,%,curve_read,yes,post_drive,Flat; one quantisation step from bank 1. Operating condition not recorded,[240];[241];[242]
PART3-0108,2026-09-05,unknown,unknown,calculation,unknown,Estimated peak power from MAF,unknown,driving,WOT,warm,unknown,unknown,6832,301,unknown,unknown,unknown,hp,inferred,yes,post_drive,215 g/s times a rule-of-thumb 1.4 against a 302 hp rating,[241]
PART3-0109,2026-09-05,04:28,unknown,graph_paired,LTFT - B1,Long term fuel % trim - Bank 1,PART3-0110,P,idle,warm,unknown,unknown,unknown,-0.78,-0.78,-0.78,0,%,curve_read,yes,post_drive,Three consecutive windows all min = avg = max; the idle cell with adaptives fully relearned,[250];[251]
PART3-0110,2026-09-05,04:28,unknown,graph_paired,LTFT - B2,Long term fuel % trim - Bank 2,PART3-0109,P,idle,warm,unknown,unknown,unknown,-0.78,-0.78,-0.78,0,%,curve_read,yes,post_drive,Identical to bank 1 - not within one step but literally the same number,[250];[251]
PART3-0111,2026-09-05,04:28,unknown,graph_paired,EVAP purge,Commanded evaporative purge,unknown,P,idle,warm,unknown,unknown,unknown,unknown,47,49.8,2.8,%,curve_read,yes,post_drive,New valve - actively stepping up and down over tens of seconds,[250];[251]
PART3-0112,2026-09-05,unknown,unknown,graph_paired,EVAP purge,Commanded evaporative purge,unknown,P,idle,warm,unknown,unknown,unknown,unknown,40,41,1,%,curve_read,yes,pre_purge_valve,"Old valve - restated here for comparison; flat, drifting one step at a time",[251]
PART3-0113,2026-09-05,04:28,12:37-12:52,graph_paired,Engine RPM,Engine RPM,unknown,P,idle,warm,unknown,unknown,650,unknown,unknown,unknown,56,rpm,curve_read,yes,post_drive,Same 3.4 s rhythm; hunt unchanged by the purge valve repair,[250];[251]
PART3-0114,2026-09-05,04:28,12:52-13:07,graph_paired,Engine RPM,Engine RPM,unknown,P,idle,warm,unknown,unknown,650,unknown,unknown,unknown,51,rpm,curve_read,yes,post_drive,unknown,[250];[251]
PART3-0115,2026-09-05,04:28,13:03-13:18,graph_paired,Engine RPM,Engine RPM,unknown,P,idle,warm,unknown,unknown,650,unknown,unknown,unknown,57,rpm,curve_read,yes,post_drive,unknown,[250];[251]
PART3-0116,2026-09-05,04:28,13:18-13:33,graph_paired,Engine RPM,Engine RPM,unknown,P,idle,warm,unknown,unknown,650,unknown,unknown,unknown,67,rpm,curve_read,yes,post_drive,Widest span measured in this session,[250];[251]
PART3-0117,2026-09-05,04:28,13:32-13:47,graph_paired,Engine RPM,Engine RPM,unknown,P,idle,warm,unknown,unknown,650,unknown,unknown,unknown,61,rpm,curve_read,yes,post_drive,unknown,[250];[251]
PART3-0118,2026-09-05,unknown,unknown,mode06,unknown,Misfire counts cylinder 1 (this drive cycle),unknown,n/a,n/a,unknown,unknown,unknown,unknown,0,unknown,unknown,unknown,counts,menu,yes,post_drive,Test limit not stated in the transcript; no PASSED/FAILED given per cylinder,[253];[254]
PART3-0119,2026-09-05,unknown,unknown,mode06,unknown,Misfire counts cylinder 2 (this drive cycle),unknown,n/a,n/a,unknown,unknown,unknown,unknown,0,unknown,unknown,unknown,counts,menu,yes,post_drive,Test limit not stated in the transcript,[253];[254]
PART3-0120,2026-09-05,unknown,unknown,mode06,unknown,Misfire counts cylinder 3 (this drive cycle),unknown,n/a,n/a,unknown,unknown,unknown,unknown,0,unknown,unknown,unknown,counts,menu,yes,post_drive,Test limit not stated in the transcript,[253];[254]
PART3-0121,2026-09-05,unknown,unknown,mode06,unknown,Misfire counts cylinder 4 (this drive cycle),unknown,n/a,n/a,unknown,unknown,unknown,unknown,2,unknown,unknown,unknown,counts,menu,yes,post_drive,Highest of the six; assistant attributes it to noise or to the rev limiter cutting fuel and spark at 6832 rpm,[253];[254]
PART3-0122,2026-09-05,unknown,unknown,mode06,unknown,Misfire counts cylinder 5 (this drive cycle),unknown,n/a,n/a,unknown,unknown,unknown,unknown,0,unknown,unknown,unknown,counts,menu,yes,post_drive,Test limit not stated in the transcript,[253];[254]
PART3-0123,2026-09-05,unknown,unknown,mode06,unknown,Misfire counts cylinder 6 (this drive cycle),unknown,n/a,n/a,unknown,unknown,unknown,unknown,1,unknown,unknown,unknown,counts,menu,yes,post_drive,Test limit not stated in the transcript,[253];[254]
PART3-0124,2026-09-05,unknown,unknown,mode06,unknown,Misfire 10-cycle average cylinder 1,unknown,n/a,n/a,unknown,unknown,unknown,unknown,0,unknown,unknown,unknown,counts,menu,yes,post_drive,Zero on all six - the argument that killed the single-weak-cylinder theory,[253];[254]
PART3-0125,2026-09-05,unknown,unknown,mode06,unknown,Misfire 10-cycle average cylinder 2,unknown,n/a,n/a,unknown,unknown,unknown,unknown,0,unknown,unknown,unknown,counts,menu,yes,post_drive,unknown,[253];[254]
PART3-0126,2026-09-05,unknown,unknown,mode06,unknown,Misfire 10-cycle average cylinder 3,unknown,n/a,n/a,unknown,unknown,unknown,unknown,0,unknown,unknown,unknown,counts,menu,yes,post_drive,unknown,[253];[254]
PART3-0127,2026-09-05,unknown,unknown,mode06,unknown,Misfire 10-cycle average cylinder 4,unknown,n/a,n/a,unknown,unknown,unknown,unknown,0,unknown,unknown,unknown,counts,menu,yes,post_drive,Zero despite 2 raw counts,[253];[254]
PART3-0128,2026-09-05,unknown,unknown,mode06,unknown,Misfire 10-cycle average cylinder 5,unknown,n/a,n/a,unknown,unknown,unknown,unknown,0,unknown,unknown,unknown,counts,menu,yes,post_drive,unknown,[253];[254]
PART3-0129,2026-09-05,unknown,unknown,mode06,unknown,Misfire 10-cycle average cylinder 6,unknown,n/a,n/a,unknown,unknown,unknown,unknown,0,unknown,unknown,unknown,counts,menu,yes,post_drive,Zero despite 1 raw count,[253];[254]
PART3-0130,2026-09-05,unknown,unknown,mode06,unknown,Catalyst Monitor Bank 1,PART3-0131,n/a,n/a,unknown,unknown,unknown,unknown,0.371,unknown,0.836,unknown,ratio,menu,yes,post_drive,PASSED - 44 percent of the failure threshold,[253];[254]
PART3-0131,2026-09-05,unknown,unknown,mode06,unknown,Catalyst Monitor Bank 2,PART3-0130,n/a,n/a,unknown,unknown,unknown,unknown,0.363,unknown,0.836,unknown,ratio,menu,yes,post_drive,PASSED - within 2 percent of bank 1,[253];[254]
PART3-0132,2026-09-05,unknown,unknown,mode06,unknown,Oxygen sensor monitor Bank 1 Sensor 1 response time,PART3-0133,n/a,n/a,unknown,unknown,unknown,unknown,0.014,unknown,0.4,unknown,s,menu,yes,post_drive,PASSED - 3.5 percent of the limit,[253];[254]
PART3-0133,2026-09-05,unknown,unknown,mode06,unknown,Oxygen sensor monitor Bank 2 Sensor 1 response time,PART3-0132,n/a,n/a,unknown,unknown,unknown,unknown,0.014,unknown,0.4,unknown,s,menu,yes,post_drive,PASSED - identical to bank 1,[253];[254]
PART3-0134,2026-09-05,unknown,unknown,mode06,unknown,Oxygen sensor monitor Bank 1 Sensor 2 response time,PART3-0135,n/a,n/a,unknown,unknown,unknown,unknown,0.792,unknown,10,unknown,s,menu,yes,post_drive,PASSED,[253];[254]
PART3-0135,2026-09-05,unknown,unknown,mode06,unknown,Oxygen sensor monitor Bank 2 Sensor 2 response time,PART3-0134,n/a,n/a,unknown,unknown,unknown,unknown,0.856,unknown,10,unknown,s,menu,yes,post_drive,PASSED,[253];[254]
PART3-0136,2026-09-05,unknown,unknown,mode06,unknown,Oxygen sensor heater current (first of the matched pair),PART3-0137,n/a,n/a,unknown,unknown,unknown,unknown,2550,unknown,unknown,unknown,mA,menu,yes,post_drive,"Reported as ""heater currents matched too (2550 / 2455 mA)"" - bank assignment and limits not stated",[253];[254]
PART3-0137,2026-09-05,unknown,unknown,mode06,unknown,Oxygen sensor heater current (second of the matched pair),PART3-0136,n/a,n/a,unknown,unknown,unknown,unknown,2455,unknown,unknown,unknown,mA,menu,yes,post_drive,Bank assignment and limits not stated,[253];[254]
PART3-0138,2026-09-05,unknown,unknown,mode06,unknown,VVT Monitor Bank 1 error,PART3-0139,n/a,n/a,unknown,unknown,unknown,unknown,0.06,unknown,20,unknown,deg,menu,yes,post_drive,PASSED - phaser tracks target within six hundredths of a degree,[253];[254]
PART3-0139,2026-09-05,unknown,unknown,mode06,unknown,VVT Monitor Bank 2 error,PART3-0138,n/a,n/a,unknown,unknown,unknown,unknown,0.05,unknown,20,unknown,deg,menu,yes,post_drive,PASSED,[253];[254]
PART3-0140,2026-09-05,unknown,unknown,mode06,unknown,Fuel system monitor Bank 1,PART3-0141,n/a,n/a,unknown,unknown,unknown,unknown,0,unknown,unknown,unknown,unknown,menu,yes,post_drive,"Stated only as ""0 both banks""; limit not given in the transcript",[255]
PART3-0141,2026-09-05,unknown,unknown,mode06,unknown,Fuel system monitor Bank 2,PART3-0140,n/a,n/a,unknown,unknown,unknown,unknown,0,unknown,unknown,unknown,unknown,menu,yes,post_drive,Limit not given in the transcript,[255]
PART3-0142,2026-09-05,unknown,unknown,monitor_status,unknown,Monitor status since DTCs cleared. - Evaporative System,unknown,n/a,n/a,unknown,unknown,unknown,unknown,Not completed,unknown,unknown,unknown,status,value_read,yes,post_drive,The only monitor still incomplete after the drive; needs fuel level and cold soak conditions,[266]
PART3-0143,2026-09-05,unknown,unknown,graph_paired,Fuel/Air com. ratio,Fuel/Air commanded equivalence ratio,PART3-0145,P,idle,warm,unknown,unknown,650,unknown,14.42,14.86,0.44,AFR,curve_read,yes,post_drive,"Two-level square wave with vertical edges, period about 3.5 s, amplitude about plus/minus 1.5 percent",[258];[259]
PART3-0144,2026-09-04,unknown,unknown,graph_paired,Fuel/Air com. ratio,Fuel/Air commanded equivalence ratio,unknown,P,idle,warm,unknown,unknown,unknown,unknown,14.41,14.86,0.45,AFR,curve_read,yes,pre_purge_valve,First-night values restated here for comparison; period about 3.4 s,[259]
PART3-0145,2026-09-05,unknown,unknown,graph_paired,Engine RPM,Engine RPM,PART3-0143,P,idle,warm,unknown,unknown,650,unknown,unknown,unknown,unknown,rpm,curve_read,yes,post_drive,"Assistant states rpm swings 40-56 in this capture - a range of spans, not a single window",[259]
PART3-0146,2026-09-05,unknown,37:00-37:15,graph_paired,Fuel/Air com. ratio,Fuel/Air commanded equivalence ratio,PART3-0147,P,idle,warm,unknown,unknown,650,14.42,unknown,unknown,unknown,AFR,curve_read,yes,post_drive,"Rich commands at graph clock 37:01.5, 37:05 and 37:08.5",[259]
PART3-0147,2026-09-05,unknown,37:00-37:15,graph_paired,Engine RPM,Engine RPM,PART3-0146,P,idle,warm,unknown,unknown,650,unknown,unknown,unknown,unknown,s,curve_read,yes,post_drive,"RPM peaks at about 37:03, 37:06.5 and 37:10 - a lag of 1 to 1.5 s behind each rich command",[259]
PART3-0148,2026-09-05,unknown,unknown,graph_paired,Throttle Position Actually,Throttle Position Actually,PART3-0145,P,idle,warm,unknown,unknown,650,unknown,9.44,10.33,0.89,deg,curve_read,yes,post_drive,"Flat with min = avg = max within a window; steps between 9.44 / 9.55 / 9.88 / 10.33 over tens of seconds - drift, not oscillation",[258];[259]
PART3-0149,2026-09-05,unknown,unknown,physical,unknown,Acceleration Spectrum (phyphox),unknown,unknown,unknown,unknown,unknown,unknown,unknown,unknown,0,210,210,Hz,curve_read,no,post_drive,"Unreadable - horizontal axis spanned 0-210 Hz so the 5-33 Hz region of interest was compressed at the left edge. rpm, phone location, engine on/off and a noise-floor recording were all not recorded",[263];[264]
PART3-0150,2026-09-05,unknown,unknown,value_read,ping,Scan app ping (adapter response time),unknown,unknown,unknown,unknown,unknown,unknown,unknown,unknown,60,90,30,ms,value_read,yes,post_drive,"Tool metadata, not a vehicle reading; implies a resolution ceiling of about 5-8 Hz",[249]
PART3-0151,2026-09-05,unknown,unknown,value_read,ping,Scan app ping (adapter response time),unknown,unknown,unknown,unknown,unknown,unknown,unknown,unknown,56,117,61,ms,value_read,yes,post_drive,"Tool metadata; restated range implying 4-8 Hz resolution, below the 10.8 Hz and 32.5 Hz frequencies of interest",[252]
PART3-0152,2026-09-05,unknown,unknown,calculation,unknown,Half order frequency at 650 rpm,unknown,P,idle,warm,unknown,unknown,650,5.4,unknown,unknown,unknown,Hz,inferred,yes,post_drive,One cylinder differing from the other five,[244]
PART3-0153,2026-09-05,unknown,unknown,calculation,unknown,First order frequency at 650 rpm,unknown,P,idle,warm,unknown,unknown,650,10.8,unknown,unknown,unknown,Hz,inferred,yes,post_drive,Rotational imbalance or engine rock on mounts,[244]
PART3-0154,2026-09-05,unknown,unknown,calculation,unknown,Second order frequency at 650 rpm,unknown,P,idle,warm,unknown,unknown,650,21.7,unknown,unknown,unknown,Hz,inferred,yes,post_drive,unknown,[262]
PART3-0155,2026-09-05,unknown,unknown,calculation,unknown,Third order (firing pulse) frequency at 650 rpm,unknown,P,idle,warm,unknown,unknown,650,32.5,unknown,unknown,unknown,Hz,inferred,yes,post_drive,Normal V6 firing beat,[244];[262]
PART3-0156,2026-09-05,unknown,unknown,calculation,unknown,Half order frequency at 1200 rpm,unknown,P,rpm_sweep,warm,unknown,unknown,1200,10,unknown,unknown,unknown,Hz,inferred,yes,post_drive,unknown,[244]
PART3-0157,2026-09-05,unknown,unknown,calculation,unknown,First order frequency at 1200 rpm,unknown,P,rpm_sweep,warm,unknown,unknown,1200,20,unknown,unknown,unknown,Hz,inferred,yes,post_drive,unknown,[244]
PART3-0158,2026-09-05,unknown,unknown,calculation,unknown,Third order (firing pulse) frequency at 1200 rpm,unknown,P,rpm_sweep,warm,unknown,unknown,1200,60,unknown,unknown,unknown,Hz,inferred,yes,post_drive,unknown,[244]
PART3-0159,2026-09-05,unknown,unknown,calculation,unknown,First order frequency at 660 rpm,unknown,P,idle,warm,unknown,unknown,660,11.0,unknown,unknown,unknown,Hz,inferred,yes,post_drive,Given to show every order scales with the recorded rpm,[262]
PART3-0160,2026-09-05,unknown,unknown,calculation,unknown,Engine rock on mounts resonance band,unknown,P,idle,warm,unknown,unknown,650,unknown,8,15,7,Hz,inferred,no,post_drive,"Generic reference band quoted by the assistant, not measured on this truck",[244];[247]
